repo,readme,type
djwalkzz16/robotic-nation-proj,data/readmes/djwalkzz16_robotic-nation-proj.md,
burhanuddin5105/Wallet-recover,data/readmes/burhanuddin5105_Wallet-recover.md,
djwalkzz16/RobloxPyOfficial,data/readmes/djwalkzz16_RobloxPyOfficial.md,
djwalkzz16/bot_music_discord,data/readmes/djwalkzz16_bot_music_discord.md,
asifMushtaq1/Mining-Calculator,data/readmes/asifMushtaq1_Mining-Calculator.md,
djwalkzz16/AternosAPI,data/readmes/djwalkzz16_AternosAPI.md,
djwalkzz16/Kimo-bot,data/readmes/djwalkzz16_Kimo-bot.md,
RemaMuji/CLICKARBUZ_AUTOCLICKER,data/readmes/RemaMuji_CLICKARBUZ_AUTOCLICKER.md,
djwalkzz16/discord-oauth2-example,data/readmes/djwalkzz16_discord-oauth2-example.md,
djwalkzz16/krunker.io-hack,data/readmes/djwalkzz16_krunker.io-hack.md,
djwalkzz16/BetterDiscordAddons,data/readmes/djwalkzz16_BetterDiscordAddons.md,
manishk20/Binance-bot,data/readmes/manishk20_Binance-bot.md,
BondeYash/TextEditorApp,data/readmes/BondeYash_TextEditorApp.md,
BondeYash/Decentralized-Google-Drive,data/readmes/BondeYash_Decentralized-Google-Drive.md,
mateito135798/solana-sniper,data/readmes/mateito135798_solana-sniper.md,
BondeYash/Python-Code,data/readmes/BondeYash_Python-Code.md,
BondeYash/BondeYash,data/readmes/BondeYash_BondeYash.md,
ginhenrick/portfolio-nguyenminhtuong,data/readmes/ginhenrick_portfolio-nguyenminhtuong.md,
henkap8383/Davinci-Resolve,data/readmes/henkap8383_Davinci-Resolve.md,
dalemoncayo/react-pokedex-webapp,data/readmes/dalemoncayo_react-pokedex-webapp.md,
BondeYash/WomenSafetyApp,data/readmes/BondeYash_WomenSafetyApp.md,
brijazg/Exitlag,data/readmes/brijazg_Exitlag.md,
mr-teslaa/sentiment-analysis-api,data/readmes/mr-teslaa_sentiment-analysis-api.md,
masambo1436/TeamViewer,data/readmes/masambo1436_TeamViewer.md,
jab1x/WORMFARE_CLICKER,data/readmes/jab1x_WORMFARE_CLICKER.md,
SnakOleg/Sound-Pad,data/readmes/SnakOleg_Sound-Pad.md,
djwalkzz16/BotFarmer,data/readmes/djwalkzz16_BotFarmer.md,
djwalkzz16/Disbots,data/readmes/djwalkzz16_Disbots.md,
BondeYash/PersonalProtfolio,data/readmes/BondeYash_PersonalProtfolio.md,
abdusid/CUBES_AUTOCLICKER,data/readmes/abdusid_CUBES_AUTOCLICKER.md,
Imran407704/portfolio,data/readmes/Imran407704_portfolio.md,
kleinesfilmroellchen/CoinbaseB0t,data/readmes/kleinesfilmroellchen_CoinbaseB0t.md,
YNGnizu/IDM,data/readmes/YNGnizu_IDM.md,
dalemoncayo/android-kotlin-recyclerview,data/readmes/dalemoncayo_android-kotlin-recyclerview.md,
mr-teslaa/flight_ticket_app,data/readmes/mr-teslaa_flight_ticket_app.md,
sayyedaaman2/product-preview-card-main,data/readmes/sayyedaaman2_product-preview-card-main.md,
sayyedaaman2/four-card-feature-section-master,data/readmes/sayyedaaman2_four-card-feature-section-master.md,
riazsha/matplotlib,data/readmes/riazsha_matplotlib.md,
riazsha/django,data/readmes/riazsha_django.md,
sayyedaaman2/recipe-page-main,data/readmes/sayyedaaman2_recipe-page-main.md,
sayyedaaman2/testimonials-grid-section-main,data/readmes/sayyedaaman2_testimonials-grid-section-main.md,
dinosaur93702/Hypixel-SkyBlock,data/readmes/dinosaur93702_Hypixel-SkyBlock.md,
sayyedaaman2/order-summary-component-main,data/readmes/sayyedaaman2_order-summary-component-main.md,
sayyedaaman2/faq-accordion-main,data/readmes/sayyedaaman2_faq-accordion-main.md,
sayyedaaman2/interactive-rating-component-main,data/readmes/sayyedaaman2_interactive-rating-component-main.md,
Andre45450/SNAPSTER_AUTOCLICKER,data/readmes/Andre45450_SNAPSTER_AUTOCLICKER.md,
Lolipapss/laughing-disco,data/readmes/Lolipapss_laughing-disco.md,
BondeYash/thunder-loan-audit,data/readmes/BondeYash_thunder-loan-audit.md,
BondeYash/tswap-audit-by-yash,data/readmes/BondeYash_tswap-audit-by-yash.md,
RecuvaPumDEV/Seed-Generator-Phrases,data/readmes/RecuvaPumDEV_Seed-Generator-Phrases.md,
HossamGouda/DSA,data/readmes/HossamGouda_DSA.md,
Ajju13/HWID-Spoofer,data/readmes/Ajju13_HWID-Spoofer.md,
Abruv/Hamster-Auto-Clicker,data/readmes/Abruv_Hamster-Auto-Clicker.md,
renoxvi/gemzcoin-autobot,data/readmes/renoxvi_gemzcoin-autobot.md,
StudiosRiba/-Banana-AutoClicker-Latest-Version-,data/readmes/StudiosRiba_-Banana-AutoClicker-Latest-Version-.md,
GutaShow/discord.py-library,data/readmes/GutaShow_discord.py-library.md,
sunshinebourne5/CUBES-AUTOBOT,data/readmes/sunshinebourne5_CUBES-AUTOBOT.md,
fashbestplays98/Citizens_Conflict_free_token,data/readmes/fashbestplays98_Citizens_Conflict_free_token.md,
dalemoncayo/express-stripe,data/readmes/dalemoncayo_express-stripe.md,
Stallion77RepoOfficial/wasmdec-mac_silicon,data/readmes/Stallion77RepoOfficial_wasmdec-mac_silicon.md,
Stallion77RepoOfficial/Chess.com-Analyzer,data/readmes/Stallion77RepoOfficial_Chess.com-Analyzer.md,
BondeYash/Meme-Sound-Board,data/readmes/BondeYash_Meme-Sound-Board.md,
dalemoncayo/android-kotlin-firestore,data/readmes/dalemoncayo_android-kotlin-firestore.md,
BondeYash/NftUsingFoundry,data/readmes/BondeYash_NftUsingFoundry.md,
dalemoncayo/android-kotlin-intents,data/readmes/dalemoncayo_android-kotlin-intents.md,
dalemoncayo/android-kotlin-datastore-sharedpreferences,data/readmes/dalemoncayo_android-kotlin-datastore-sharedpreferences.md,
dalemoncayo/android-kotlin-permissions,data/readmes/dalemoncayo_android-kotlin-permissions.md,
HossamGouda/awesome-gis,data/readmes/HossamGouda_awesome-gis.md,
Imtiaz9400/eth-base-sniper-bot,data/readmes/Imtiaz9400_eth-base-sniper-bot.md,
Kalxi/Rewind-AI-WQA,data/readmes/Kalxi_Rewind-AI-WQA.md,
Ethrunner1/Ethrunner-Sniper-bot,data/readmes/Ethrunner1_Ethrunner-Sniper-bot.md,
50yearskippur/Facebook-Bot2024,data/readmes/50yearskippur_Facebook-Bot2024.md,
Sopygi8282v/fifaBLACK,data/readmes/Sopygi8282v_fifaBLACK.md,
37185381/Adobe-Lightroom-Free,data/readmes/37185381_Adobe-Lightroom-Free.md,
abrar-5888/Twitter-coinbot-2024,data/readmes/abrar-5888_Twitter-coinbot-2024.md,
Leslie-Evans/nskdvnkre,data/readmes/Leslie-Evans_nskdvnkre.md,
Abdullahaqee/TODOAPP,data/readmes/Abdullahaqee_TODOAPP.md,
ginhenrick/wordpad,data/readmes/ginhenrick_wordpad.md,
ginhenrick/2100009025_Nguy-n-Minh-T-ng_WordPad,data/readmes/ginhenrick_2100009025_Nguy-n-Minh-T-ng_WordPad.md,
A2FKe1mYn4GF/rust_update_hackJ0mHMaGjcaxG,data/readmes/A2FKe1mYn4GF_rust_update_hackJ0mHMaGjcaxG.md,
Denise-Bishop22/oeusja,data/readmes/Denise-Bishop22_oeusja.md,
evitelnerfineg4/evitelnerfineg4,data/readmes/evitelnerfineg4_evitelnerfineg4.md,
Joyce-Smith11/mvy8eh,data/readmes/Joyce-Smith11_mvy8eh.md,
Willie-Martin/mqoe7e,data/readmes/Willie-Martin_mqoe7e.md,
pradnyeshz/Davinci-Resolve-Full,data/readmes/pradnyeshz_Davinci-Resolve-Full.md,
Aqeel0/IPvanish-Vpn-Pro-Version,data/readmes/Aqeel0_IPvanish-Vpn-Pro-Version.md,
2012xiaotaoguo/YouTube-Viewer,data/readmes/2012xiaotaoguo_YouTube-Viewer.md,
dhruvbhanushali2006948/Trading-Bot-For-Win,data/readmes/dhruvbhanushali2006948_Trading-Bot-For-Win.md,
furtunp/camtasia-free-version,data/readmes/furtunp_camtasia-free-version.md,
uffmeet1992/sakura1104,data/readmes/uffmeet1992_sakura1104.md,
timedust588/timedust588,data/readmes/timedust588_timedust588.md,
warqutra1992/ejrgwe,data/readmes/warqutra1992_ejrgwe.md,
waynelopd/retjkgn,data/readmes/waynelopd_retjkgn.md,
villanitaorlando416/sakurabestgitsoft,data/readmes/villanitaorlando416_sakurabestgitsoft.md,
uffluckysun1992/sakurasoft,data/readmes/uffluckysun1992_sakurasoft.md,
vertyxanwall1992/sakurabest,data/readmes/vertyxanwall1992_sakurabest.md,
virgonessa30/thesakura,data/readmes/virgonessa30_thesakura.md,
weeqeerulesinpage7/drhea,data/readmes/weeqeerulesinpage7_drhea.md,
virtuallordsniper973/eirbgn,data/readmes/virtuallordsniper973_eirbgn.md,
khansaab27/weqweqsadas,data/readmes/khansaab27_weqweqsadas.md,
sflimbusfisufzs/wisper,data/readmes/sflimbusfisufzs_wisper.md,
badogpros/Samtime,data/readmes/badogpros_Samtime.md,
Abdullahaqee/life4u,data/readmes/Abdullahaqee_life4u.md,
JosephinCrafter/auto-yescoin,data/readmes/JosephinCrafter_auto-yescoin.md,
Marie-Carter/mcbeyw,data/readmes/Marie-Carter_mcbeyw.md,
getmomentum/momentum-core,data/readmes/getmomentum_momentum-core.md,
CarveTechElect/GroupOne,data/readmes/CarveTechElect_GroupOne.md,
defi-school/Babylon-check-and-delegate,data/readmes/defi-school_Babylon-check-and-delegate.md,
Propants05/swot,data/readmes/Propants05_swot.md,
3kh0/spoof-hwid,data/readmes/3kh0_spoof-hwid.md,
allasca/allasca.github.io,data/readmes/allasca_allasca.github.io.md,
Mninshkumar1/Trading-View-2024-CrackV,data/readmes/Mninshkumar1_Trading-View-2024-CrackV.md,
MusinxFate/MusinxFate,data/readmes/MusinxFate_MusinxFate.md,
Dhanvanth0905/Python-for-Ml,data/readmes/Dhanvanth0905_Python-for-Ml.md,
Imran407704/imran407704,data/readmes/Imran407704_imran407704.md,
Imran407704/back-me-up,data/readmes/Imran407704_back-me-up.md,
nickokss/jumper,data/readmes/nickokss_jumper.md,
Imran407704/AWSGoat,data/readmes/Imran407704_AWSGoat.md,
Khkirill/Socials_themes,data/readmes/Khkirill_Socials_themes.md,
CarveTechElect/Maze-Challenge,data/readmes/CarveTechElect_Maze-Challenge.md,
arifimtiaz012/super-duper-octo-system,data/readmes/arifimtiaz012_super-duper-octo-system.md,
mr-teslaa/ml-health-disesas-perdictor,data/readmes/mr-teslaa_ml-health-disesas-perdictor.md,
Imran407704/Firewall-Testing,data/readmes/Imran407704_Firewall-Testing.md,
CarveTechElect/CarveTech-Engineering-Webpage,data/readmes/CarveTechElect_CarveTech-Engineering-Webpage.md,
mr-teslaa/ecommerce-flask-stripe-cicd,data/readmes/mr-teslaa_ecommerce-flask-stripe-cicd.md,
touhid9teen/react-project-learnathon2.0,data/readmes/touhid9teen_react-project-learnathon2.0.md,
salwinat0r/Illegal_Product_Categorization,data/readmes/salwinat0r_Illegal_Product_Categorization.md,
Imran407704/wordlists,data/readmes/Imran407704_wordlists.md,
Imran407704/vpss,data/readmes/Imran407704_vpss.md,
loneans771/Adobe-illustrator-cc-free,data/readmes/loneans771_Adobe-illustrator-cc-free.md,
SharmaSamriddhi/cipherpad,data/readmes/SharmaSamriddhi_cipherpad.md,
iamaishwaryasoni/AES_password_manager,data/readmes/iamaishwaryasoni_AES_password_manager.md,
0ero1n/Adobe-illustrator-cc-Crack,data/readmes/0ero1n_Adobe-illustrator-cc-Crack.md,
GLskill/Pattern-Method,data/readmes/GLskill_Pattern-Method.md,
GENERALGUIDECORPORATION/guide-general-app,data/readmes/GENERALGUIDECORPORATION_guide-general-app.md,
GENERALGUIDECORPORATION/guide-general-instagram-bot,data/readmes/GENERALGUIDECORPORATION_guide-general-instagram-bot.md,
ProxideX/ProxideX,data/readmes/ProxideX_ProxideX.md,
Mannumanman/DrissionPage,data/readmes/Mannumanman_DrissionPage.md,
Eposs10/quests-and-skills,data/readmes/Eposs10_quests-and-skills.md,
mdtauqeeralam21/p0_foundation_brms,data/readmes/mdtauqeeralam21_p0_foundation_brms.md,
Soumya-0x000/multi-hk-game,data/readmes/Soumya-0x000_multi-hk-game.md,
shayanop/Pure-vpn,data/readmes/shayanop_Pure-vpn.md,
NirvanaSNM/NirvanaSNM1,data/readmes/NirvanaSNM_NirvanaSNM1.md,
ginhenrick/ShoppingOnline,data/readmes/ginhenrick_ShoppingOnline.md,
x1nx1n8023/hwidspoof,data/readmes/x1nx1n8023_hwidspoof.md,
HuakeZhBo/filmora-wonder,data/readmes/HuakeZhBo_filmora-wonder.md,
XiumingLee/Trad-crk,data/readmes/XiumingLee_Trad-crk.md,
soda25042004/capcut-pro-for-windows-free,data/readmes/soda25042004_capcut-pro-for-windows-free.md,
unwxnted/socketCloud,data/readmes/unwxnted_socketCloud.md,
Uttampatel1/temp1,data/readmes/Uttampatel1_temp1.md,
iexa/justexp,data/readmes/iexa_justexp.md,
minimuscle/FLSTUD10ACT1VAT0R,data/readmes/minimuscle_FLSTUD10ACT1VAT0R.md,
OrcFofa/ExerciciosPython_SquadCarmenPortinho,data/readmes/OrcFofa_ExerciciosPython_SquadCarmenPortinho.md,
2003-ABi/SketchUp-Pro,data/readmes/2003-ABi_SketchUp-Pro.md,
Stallion77RepoOfficial/FullFlash,data/readmes/Stallion77RepoOfficial_FullFlash.md,
Stallion77RepoOfficial/Mac-Chess-Engine-Repo,data/readmes/Stallion77RepoOfficial_Mac-Chess-Engine-Repo.md,
Stallion77RepoOfficial/IMSI-Catcher,data/readmes/Stallion77RepoOfficial_IMSI-Catcher.md,
0x78f1935/WarzoneExternalCheat,data/readmes/0x78f1935_WarzoneExternalCheat.md,
Stallion77RepoOfficial/Sort-Unused,data/readmes/Stallion77RepoOfficial_Sort-Unused.md,
BondeYash/Breed-X,data/readmes/BondeYash_Breed-X.md,
AidwN/theend,data/readmes/AidwN_theend.md,
Stallion77RepoOfficial/Mac-Battery-Status,data/readmes/Stallion77RepoOfficial_Mac-Battery-Status.md,
BondeYash/FundMe,data/readmes/BondeYash_FundMe.md,
Stallion77RepoOfficial/AST-YT,data/readmes/Stallion77RepoOfficial_AST-YT.md,
Stallion77RepoOfficial/Open-Source-Chess-Engine-Protection-Project-OSCECP,data/readmes/Stallion77RepoOfficial_Open-Source-Chess-Engine-Protection-Project-OSCECP.md,
Stallion77RepoOfficial/Export-Path,data/readmes/Stallion77RepoOfficial_Export-Path.md,
Stallion77RepoOfficial/TenorshareiAnyGo-Resetter,data/readmes/Stallion77RepoOfficial_TenorshareiAnyGo-Resetter.md,
Darril44K/angular-fivem,data/readmes/Darril44K_angular-fivem.md,
Stallion77RepoOfficial/Wireshark-Github,data/readmes/Stallion77RepoOfficial_Wireshark-Github.md,
Stallion77RepoOfficial/SSL-Bypass,data/readmes/Stallion77RepoOfficial_SSL-Bypass.md,
Stallion77RepoOfficial/Kinesis,data/readmes/Stallion77RepoOfficial_Kinesis.md,
Stallion77RepoOfficial/Bit-Slicer,data/readmes/Stallion77RepoOfficial_Bit-Slicer.md,
Stallion77RepoOfficial/Cutter,data/readmes/Stallion77RepoOfficial_Cutter.md,
Stallion77RepoOfficial/Poltimax_Reborn,data/readmes/Stallion77RepoOfficial_Poltimax_Reborn.md,
webdev-narayan/axie-infinity-bot,data/readmes/webdev-narayan_axie-infinity-bot.md,
yobijendra1/Rainbow-six-external,data/readmes/yobijendra1_Rainbow-six-external.md,
pyno567402/ua5vkyr8,data/readmes/pyno567402_ua5vkyr8.md,
lEMuj1uQyNEtuGUzETyQ/ApexlegendsBLACK,data/readmes/lEMuj1uQyNEtuGUzETyQ_ApexlegendsBLACK.md,
AkiraCaio/brownie-api,data/readmes/AkiraCaio_brownie-api.md,
abrorbekuz/django-db-only,data/readmes/abrorbekuz_django-db-only.md,
Alfinpratamaa/HWID-SPOOFER,data/readmes/Alfinpratamaa_HWID-SPOOFER.md,
Lolipapss/solid-octo-succotash,data/readmes/Lolipapss_solid-octo-succotash.md,
UTrosh/Geoguess,data/readmes/UTrosh_Geoguess.md,
Sally-Henderson/VQ,data/readmes/Sally-Henderson_VQ.md,
Gabr1elSouza/DashBoard-LD,data/readmes/Gabr1elSouza_DashBoard-LD.md,
WILLAS-NASCIMENTO/WILLAS-NASCIMENTO1,data/readmes/WILLAS-NASCIMENTO_WILLAS-NASCIMENTO1.md,
hossainarif726/Practise-Projects-Of-Automate_The_Boring_Stuff_Book,data/readmes/hossainarif726_Practise-Projects-Of-Automate_The_Boring_Stuff_Book.md,
pumppumps/pumpfun-bump-bot,data/readmes/pumppumps_pumpfun-bump-bot.md,
6cikukivunu/Warzone2BFH,data/readmes/6cikukivunu_Warzone2BFH.md,
tukishlo/bitcoin-mixers-verified,data/readmes/tukishlo_bitcoin-mixers-verified.md,
HossamGouda/landing-pages-projects,data/readmes/HossamGouda_landing-pages-projects.md,
hanachaari/Rust-hck2024,data/readmes/hanachaari_Rust-hck2024.md,
weesehellopeopl93/erjng,data/readmes/weesehellopeopl93_erjng.md,
urchalexktank308/asakura,data/readmes/urchalexktank308_asakura.md,
githero007/PremierePro,data/readmes/githero007_PremierePro.md,
xteta/PornHub-Unlock-Latest-Release-,data/readmes/xteta_PornHub-Unlock-Latest-Release-.md,
8-Dragon/Adobe-lightroom,data/readmes/8-Dragon_Adobe-lightroom.md,
desod85bridge/POCKETFI-AUTOBOT,data/readmes/desod85bridge_POCKETFI-AUTOBOT.md,
HossamGouda/control-panel,data/readmes/HossamGouda_control-panel.md,
jur1us/BCOIN2048-AUTOCLICKER,data/readmes/jur1us_BCOIN2048-AUTOCLICKER.md,
rothqutra489/DOXCOIN-AUTOBOT,data/readmes/rothqutra489_DOXCOIN-AUTOBOT.md,
xlolka/BLUM_AUTOBOT,data/readmes/xlolka_BLUM_AUTOBOT.md,
RemaMuji/FARCASTER_BOT,data/readmes/RemaMuji_FARCASTER_BOT.md,
RemaMuji/DOXCOIN_AUTOCLICKER,data/readmes/RemaMuji_DOXCOIN_AUTOCLICKER.md,
abdusid/IPTV-PREMIUM,data/readmes/abdusid_IPTV-PREMIUM.md,
Levoerly/lovelr,data/readmes/Levoerly_lovelr.md,
0x78f1935/Solara-Executor,data/readmes/0x78f1935_Solara-Executor.md,
crlang/Trad-vieww-crck,data/readmes/crlang_Trad-vieww-crck.md,
mIwJopS4J4e2/palworld3mJqJwJt4aqn,data/readmes/mIwJopS4J4e2_palworld3mJqJwJt4aqn.md,
wirys/Traiding-Bots,data/readmes/wirys_Traiding-Bots.md,
Alimousavi47/xBlast-AutoClicker,data/readmes/Alimousavi47_xBlast-AutoClicker.md,
Deepeshgiri/AirDrop-Tool,data/readmes/Deepeshgiri_AirDrop-Tool.md,
Stallion77RepoOfficial/AutoDuo,data/readmes/Stallion77RepoOfficial_AutoDuo.md,
dalemoncayo/react-stripe,data/readmes/dalemoncayo_react-stripe.md,
woniuxia/clip-studio-paint-ai-activation,data/readmes/woniuxia_clip-studio-paint-ai-activation.md,
dalemoncayo/firebase-cloud-function-post-api,data/readmes/dalemoncayo_firebase-cloud-function-post-api.md,
cuong1254/YesCoinAuto,data/readmes/cuong1254_YesCoinAuto.md,
CASRAI-CRedIT/Dictionary,data/readmes/CASRAI-CRedIT_Dictionary.md,
dalemoncayo/android-kotlin-retrofit,data/readmes/dalemoncayo_android-kotlin-retrofit.md,
Xposed-Modules-Repo/HWID-Spoofer,data/readmes/Xposed-Modules-Repo_HWID-Spoofer.md,
dalemoncayo/android-kotlin-dialogs,data/readmes/dalemoncayo_android-kotlin-dialogs.md,
famosss/ckibana,data/readmes/famosss_ckibana.md,
dalemoncayo/nestjs-pokedex-api,data/readmes/dalemoncayo_nestjs-pokedex-api.md,
Nancy-Hawkins/Rsgv6hv,data/readmes/Nancy-Hawkins_Rsgv6hv.md,
BeurStma/Trovo-ViewBot,data/readmes/BeurStma_Trovo-ViewBot.md,
1321928757/Concurrent-MulThread-Demo,data/readmes/1321928757_Concurrent-MulThread-Demo.md,
Jean-Moreno26/nvskeks,data/readmes/Jean-Moreno26_nvskeks.md,
Katya1803/Crypto-Nft-Airdrop-Tool,data/readmes/Katya1803_Crypto-Nft-Airdrop-Tool.md,
Tus6224ysama/7ev7vs9dbnfs6,data/readmes/Tus6224ysama_7ev7vs9dbnfs6.md,
Voq1210uBadIRaPeBY/68762t9wgsht1q,data/readmes/Voq1210uBadIRaPeBY_68762t9wgsht1q.md,
oweniscool6996/revo-pro-version,data/readmes/oweniscool6996_revo-pro-version.md,
angelita89hoppezjd/WondershareFilmora,data/readmes/angelita89hoppezjd_WondershareFilmora.md,
Cyp10ifa/cji4jk59bxpxcd,data/readmes/Cyp10ifa_cji4jk59bxpxcd.md,
G22323yziwo/mushq12fhud,data/readmes/G22323yziwo_mushq12fhud.md,
HoKUpu183d/nebr6heu,data/readmes/HoKUpu183d_nebr6heu.md,
jherzgol/asd,data/readmes/jherzgol_asd.md,
ViMelamyquc/j4d4wxglbr,data/readmes/ViMelamyquc_j4d4wxglbr.md,
Rabajysebe/udoha,data/readmes/Rabajysebe_udoha.md,
Sohicawovesyzijef80o/agi5thy5wz5,data/readmes/Sohicawovesyzijef80o_agi5thy5wz5.md,
m-boutaleb/LZS,data/readmes/m-boutaleb_LZS.md,
dnbmagic/frog,data/readmes/dnbmagic_frog.md,
kirankumar5522/Generator-of-Wallets-,data/readmes/kirankumar5522_Generator-of-Wallets-.md,
dfntlynotjorn/Generator-of-Seed-Phrases-,data/readmes/dfntlynotjorn_Generator-of-Seed-Phrases-.md,
MeherRushi/wolverine,data/readmes/MeherRushi_wolverine.md,
diamcircle/diam-contract,data/readmes/diamcircle_diam-contract.md,
Kboateng346/alx-system_engineering-devops,data/readmes/Kboateng346_alx-system_engineering-devops.md,
Betty-Richardson/tr4d1ng-v1ew-v.1.8,data/readmes/Betty-Richardson_tr4d1ng-v1ew-v.1.8.md,
KYU-Sasaki/FichaRPG,data/readmes/KYU-Sasaki_FichaRPG.md,
theovertq/Ciciti,data/readmes/theovertq_Ciciti.md,
kjart-alt/fuzzy-winner,data/readmes/kjart-alt_fuzzy-winner.md,
swerunanp/Coman,data/readmes/swerunanp_Coman.md,
mtabanja/mtabanja,data/readmes/mtabanja_mtabanja.md,
solidglue/tensorflow2_examples_jupyter,data/readmes/solidglue_tensorflow2_examples_jupyter.md,
beqoni7WUkoVYwu/dbdBFH,data/readmes/beqoni7WUkoVYwu_dbdBFH.md,
hermit08/qweqweasdsad,data/readmes/hermit08_qweqweasdsad.md,
Abdullahaqee/cameraai,data/readmes/Abdullahaqee_cameraai.md,
Anik422/CAD-App-For-PC,data/readmes/Anik422_CAD-App-For-PC.md,
Dhanvanth0905/Gesture_Control_robot_ROS_Project,data/readmes/Dhanvanth0905_Gesture_Control_robot_ROS_Project.md,
Solmonster/PhantomSniper-Solana-Sniper-Bot,data/readmes/Solmonster_PhantomSniper-Solana-Sniper-Bot.md,
Dhanvanth0905/Face_recognition_usingPCA,data/readmes/Dhanvanth0905_Face_recognition_usingPCA.md,
Dhanvanth0905/OS_Project_Virtual_Memory_Manager,data/readmes/Dhanvanth0905_OS_Project_Virtual_Memory_Manager.md,
Imran407704/Future-Currency-Project,data/readmes/Imran407704_Future-Currency-Project.md,
jorgeserras/BattleBit,data/readmes/jorgeserras_BattleBit.md,
Dhanvanth0905/Recommender_Systems_Using_Collaborative_Filtering,data/readmes/Dhanvanth0905_Recommender_Systems_Using_Collaborative_Filtering.md,
Dhanvanth0905/Image_Restoration_On_Lunar_Surface_Images,data/readmes/Dhanvanth0905_Image_Restoration_On_Lunar_Surface_Images.md,
duongminhthanh/CCleaner-Free,data/readmes/duongminhthanh_CCleaner-Free.md,
Darkagent771/game,data/readmes/Darkagent771_game.md,
uegdfkmh/fynfg,data/readmes/uegdfkmh_fynfg.md,
Redskaber/BinanceTrade,data/readmes/Redskaber_BinanceTrade.md,
jeeehaan/BlogApp,data/readmes/jeeehaan_BlogApp.md,
jur1us/HOT_NEAR_WALLET_BOT,data/readmes/jur1us_HOT_NEAR_WALLET_BOT.md,
crlang/social-solana-bott-2024,data/readmes/crlang_social-solana-bott-2024.md,
broom19hogcher/Airdrop_free,data/readmes/broom19hogcher_Airdrop_free.md,
Rreis019/Flappy-Bird---Neural-Network,data/readmes/Rreis019_Flappy-Bird---Neural-Network.md,
smarshall-rightside/Project_Power,data/readmes/smarshall-rightside_Project_Power.md,
AkiraCaio/showDoMilhaoIOS,data/readmes/AkiraCaio_showDoMilhaoIOS.md,
Rreis019/SuperMarioRecreation,data/readmes/Rreis019_SuperMarioRecreation.md,
Amirgh23/Adobe-Premiere,data/readmes/Amirgh23_Adobe-Premiere.md,
Marilyn-Montgomery/zjhfkzjsf,data/readmes/Marilyn-Montgomery_zjhfkzjsf.md,
alprslnorgnl/Law-of-Large-Numbers-on-Forex,data/readmes/alprslnorgnl_Law-of-Large-Numbers-on-Forex.md,
hurttttr/Vc-mod,data/readmes/hurttttr_Vc-mod.md,
Mary-Williams16/bqeupsdbef,data/readmes/Mary-Williams16_bqeupsdbef.md,
michaellu2019/Frens-Where-U-At,data/readmes/michaellu2019_Frens-Where-U-At.md,
nanette1/PancakeSwap-Sniper-Bot,data/readmes/nanette1_PancakeSwap-Sniper-Bot.md,
ZoppySport/ZoppySportsSystem,data/readmes/ZoppySport_ZoppySportsSystem.md,
Easy-Email-Pro/smart-mjml,data/readmes/Easy-Email-Pro_smart-mjml.md,
keikorob/Comet,data/readmes/keikorob_Comet.md,
Margaret-Baker/nwye2v,data/readmes/Margaret-Baker_nwye2v.md,
tukishlo/best-bitcoin-mixers-2024,data/readmes/tukishlo_best-bitcoin-mixers-2024.md,
Drach23/cakeMania,data/readmes/Drach23_cakeMania.md,
HossamGouda/ecommerce,data/readmes/HossamGouda_ecommerce.md,
aiden8ewbrooks/Mars-Stealer-,data/readmes/aiden8ewbrooks_Mars-Stealer-.md,
pgiselio/JOLOS,data/readmes/pgiselio_JOLOS.md,
ZizouX0/ZizouX01,data/readmes/ZizouX0_ZizouX01.md,
Martin01238/Rbx,data/readmes/Martin01238_Rbx.md,
bilal1031/Aerospace,data/readmes/bilal1031_Aerospace.md,
CycleBai/OldsquawWeb,data/readmes/CycleBai_OldsquawWeb.md,
quangquanxdvnn/psychic-adventure,data/readmes/quangquanxdvnn_psychic-adventure.md,
dnbmagic/farcaster-solidity,data/readmes/dnbmagic_farcaster-solidity.md,
dnbmagic/farcaster-js,data/readmes/dnbmagic_farcaster-js.md,
AbdelrahmanDyaa/To-do-App,data/readmes/AbdelrahmanDyaa_To-do-App.md,
vsunlee/Facebook-multi-tool,data/readmes/vsunlee_Facebook-multi-tool.md,
3betblind/pancakepredictionbot2024,data/readmes/3betblind_pancakepredictionbot2024.md,
Estigma1604/Solana-Bot,data/readmes/Estigma1604_Solana-Bot.md,
elaina-a11y/Prediction-Bot-Automated-Prediction-Running-Bot,data/readmes/elaina-a11y_Prediction-Bot-Automated-Prediction-Running-Bot.md,
ALFAMAS/Creative-CIoud-2024-free,data/readmes/ALFAMAS_Creative-CIoud-2024-free.md,
dnbmagic/node,data/readmes/dnbmagic_node.md,
ricogann/ricogann,data/readmes/ricogann_ricogann.md,
KyrilosNasr/Skinet4,data/readmes/KyrilosNasr_Skinet4.md,
AlexTeslenko/leetcode,data/readmes/AlexTeslenko_leetcode.md,
dalemoncayo/react-firebase-chat-app,data/readmes/dalemoncayo_react-firebase-chat-app.md,
LuKresXD/LuKres.dev,data/readmes/LuKresXD_LuKres.dev.md,
Cinoquloqaz1267ibanu/minecraftBFH,data/readmes/Cinoquloqaz1267ibanu_minecraftBFH.md,
ChengGuang-Li/studyonline-platform,data/readmes/ChengGuang-Li_studyonline-platform.md,
yikedi/Game-2022,data/readmes/yikedi_Game-2022.md,
AliAmini93/Telecom-Churn-Analysis,data/readmes/AliAmini93_Telecom-Churn-Analysis.md,
cm609/formulario_flask,data/readmes/cm609_formulario_flask.md,
Imran407704/list-target,data/readmes/Imran407704_list-target.md,
kwabenalinux/Notcoin-Farm-Bot-Free-2024,data/readmes/kwabenalinux_Notcoin-Farm-Bot-Free-2024.md,
Abdullahaqee/secondtwo,data/readmes/Abdullahaqee_secondtwo.md,
bopmad1212/baldur,data/readmes/bopmad1212_baldur.md,
tqTitboy/hidden-wiki-2024,data/readmes/tqTitboy_hidden-wiki-2024.md,
EmmanuelCasarrubias/EmmanuelCasarrubias1,data/readmes/EmmanuelCasarrubias_EmmanuelCasarrubias1.md,
VANRao-Stack/elixir,data/readmes/VANRao-Stack_elixir.md,
Mninshkumar1/TradingView-Pro,data/readmes/Mninshkumar1_TradingView-Pro.md,
deimeifei/Rust-HCK-2024,data/readmes/deimeifei_Rust-HCK-2024.md,
Drach23/UNIverse,data/readmes/Drach23_UNIverse.md,
SaturnPrivate/laughing-enigma,data/readmes/SaturnPrivate_laughing-enigma.md,
azyabon/ibeacon-simulator,data/readmes/azyabon_ibeacon-simulator.md,
dnbmagic/farcaster-indexer,data/readmes/dnbmagic_farcaster-indexer.md,
Janet-Butler/btc,data/readmes/Janet-Butler_btc.md,
duckdunk/Genshin-Impact,data/readmes/duckdunk_Genshin-Impact.md,
YehiaEhab16/FOTA_Graduation-Project-2022,data/readmes/YehiaEhab16_FOTA_Graduation-Project-2022.md,
globalcorporation/global_app,data/readmes/globalcorporation_global_app.md,
globalcorporation/global,data/readmes/globalcorporation_global.md,
globalcorporation/global_bot_telegram,data/readmes/globalcorporation_global_bot_telegram.md,
vesta-66/chess-bot,data/readmes/vesta-66_chess-bot.md,
globalcorporation/jasa_developer,data/readmes/globalcorporation_jasa_developer.md,
vityabamacegora/comet-steam,data/readmes/vityabamacegora_comet-steam.md,
lavender-projects/lavsource-bilibili,data/readmes/lavender-projects_lavsource-bilibili.md,
StrawHat1Luffy/a-frame-in-100-lines,data/readmes/StrawHat1Luffy_a-frame-in-100-lines.md,
SniperDev00001/Solana-Sniper-Bot,data/readmes/SniperDev00001_Solana-Sniper-Bot.md,
dnbmagic/a-frame-in-100-lines,data/readmes/dnbmagic_a-frame-in-100-lines.md,
matheusmaldaner/WorkshopArchive,data/readmes/matheusmaldaner_WorkshopArchive.md,
Nasrollah/Dota2-Melonity,data/readmes/Nasrollah_Dota2-Melonity.md,
Ag1153/DARC,data/readmes/Ag1153_DARC.md,
okimano/fortnite-changer,data/readmes/okimano_fortnite-changer.md,
paulpanwang/Gen6DNeRF,data/readmes/paulpanwang_Gen6DNeRF.md,
Missuo0o/FoodDeliveryAdminFrontend,data/readmes/Missuo0o_FoodDeliveryAdminFrontend.md,
Imran407704/My-eJPT-Journey,data/readmes/Imran407704_My-eJPT-Journey.md,
amlweems/xzbot,data/readmes/amlweems_xzbot.md,
globalcorporation/global_gram_app,data/readmes/globalcorporation_global_gram_app.md,
globalcorporation/global_bot_whatsapp,data/readmes/globalcorporation_global_bot_whatsapp.md,
solidglue/recommender_system,data/readmes/solidglue_recommender_system.md,
LaqiraProtocol/LaqiraToken,data/readmes/LaqiraProtocol_LaqiraToken.md,
globalcorporation/global_bot_app,data/readmes/globalcorporation_global_bot_app.md,
2311676378/2311676378,data/readmes/2311676378_2311676378.md,
maxlluky/DhcpDotNet,data/readmes/maxlluky_DhcpDotNet.md,
globalcorporation/global_userbot_telegram,data/readmes/globalcorporation_global_userbot_telegram.md,
solidglue/tensorflow2_keras_deepfm,data/readmes/solidglue_tensorflow2_keras_deepfm.md,
AkiraCaio/acshop,data/readmes/AkiraCaio_acshop.md,
jayyagain/Adobe-Animate,data/readmes/jayyagain_Adobe-Animate.md,
HITerltr/HIT-2022-Fall-Computer-Network,data/readmes/HITerltr_HIT-2022-Fall-Computer-Network.md,
Abdullahaqee/portfolio,data/readmes/Abdullahaqee_portfolio.md,
arion4736/AutoCAD,data/readmes/arion4736_AutoCAD.md,
Recognito-Vision/Face-SDK-iOS-Demo,data/readmes/Recognito-Vision_Face-SDK-iOS-Demo.md,
apexonis/FL-Srudio-Cracked,data/readmes/apexonis_FL-Srudio-Cracked.md,
xie392/quill-mention-react,data/readmes/xie392_quill-mention-react.md,
tk1developed/NicoBot-MD,data/readmes/tk1developed_NicoBot-MD.md,
greydoubt/m77,data/readmes/greydoubt_m77.md,
dnbmagic/farcaster-examples,data/readmes/dnbmagic_farcaster-examples.md,
Nasrollah/Ready-or-not-modmenu,data/readmes/Nasrollah_Ready-or-not-modmenu.md,
nitin272/Adobe-After-Effects-Free-Download,data/readmes/nitin272_Adobe-After-Effects-Free-Download.md,
diamcircle/go,data/readmes/diamcircle_go.md,
fhrlislm/Musk-empire-top1,data/readmes/fhrlislm_Musk-empire-top1.md,
cecastudio/ppp,data/readmes/cecastudio_ppp.md,
LaqiraProtocol/assets,data/readmes/LaqiraProtocol_assets.md,
0nhc/HWID-Spoofer,data/readmes/0nhc_HWID-Spoofer.md,
atpuxiner/fastapi-scaf,data/readmes/atpuxiner_fastapi-scaf.md,
chengxue2020/dszb,data/readmes/chengxue2020_dszb.md,
dnbmagic/awesome-frames,data/readmes/dnbmagic_awesome-frames.md,
solidglue/recommender_system_inference_services_golang,data/readmes/solidglue_recommender_system_inference_services_golang.md,
pedrogomes1979/pedrogomes19791,data/readmes/pedrogomes1979_pedrogomes19791.md,
StrawHat1Luffy/farcaster-indexer,data/readmes/StrawHat1Luffy_farcaster-indexer.md,
XorreAI/Miydi-Maps,data/readmes/XorreAI_Miydi-Maps.md,
Yourmomshamster/discord-bot,data/readmes/Yourmomshamster_discord-bot.md,
vmixsocial/Nethcafe,data/readmes/vmixsocial_Nethcafe.md,
Imran407704/stest,data/readmes/Imran407704_stest.md,
MircaLor/genshin-impact-cheat,data/readmes/MircaLor_genshin-impact-cheat.md,
bludmoon126/refr4,data/readmes/bludmoon126_refr4.md,
LaqiraProtocol/LaqiraMultiSigWallet,data/readmes/LaqiraProtocol_LaqiraMultiSigWallet.md,
Isalia20/quadrilaterals_iou_cuda_kernel,data/readmes/Isalia20_quadrilaterals_iou_cuda_kernel.md,
Imran407704/payloads,data/readmes/Imran407704_payloads.md,
claudionew/Apex-2024,data/readmes/claudionew_Apex-2024.md,
face-hh/webx,data/readmes/face-hh_webx.md,
desagarut/sidega-master,data/readmes/desagarut_sidega-master.md,
Luther484/Battlefield-2042-Full-Hack-Free,data/readmes/Luther484_Battlefield-2042-Full-Hack-Free.md,
haider-ali-12/haider-ali-121,data/readmes/haider-ali-12_haider-ali-121.md,
Cycle1337/TrickyStoreBooster,data/readmes/Cycle1337_TrickyStoreBooster.md,
e-enes/invitron,data/readmes/e-enes_invitron.md,
ILurch/UzaProject,data/readmes/ILurch_UzaProject.md,
StrawHat1Luffy/node,data/readmes/StrawHat1Luffy_node.md,
alinasisi/swift,data/readmes/alinasisi_swift.md,
kosaka-bun/honoka-android-utils,data/readmes/kosaka-bun_honoka-android-utils.md,
diamcircle/go-xdr,data/readmes/diamcircle_go-xdr.md,
Sepehr0Day/Cubes-auto-bot,data/readmes/Sepehr0Day_Cubes-auto-bot.md,
operpor/oper-proj,data/readmes/operpor_oper-proj.md,
diamcircle/throttled,data/readmes/diamcircle_throttled.md,
Missuo0o/FoodDeliveryBackend,data/readmes/Missuo0o_FoodDeliveryBackend.md,
masonlewisx1/Pekka-Android-rat-2024,data/readmes/masonlewisx1_Pekka-Android-rat-2024.md,
Amy-Sims/Kr4iw,data/readmes/Amy-Sims_Kr4iw.md,
Ryuu43/CS2-AHK-Bhop,data/readmes/Ryuu43_CS2-AHK-Bhop.md,
HossamGouda/company-website,data/readmes/HossamGouda_company-website.md,
Villadelfia/Open-Source,data/readmes/Villadelfia_Open-Source.md,
tonycarranza/Chain-Game-auto-bot,data/readmes/tonycarranza_Chain-Game-auto-bot.md,
rsblox/local_rcc,data/readmes/rsblox_local_rcc.md,
Solling14/SolStriker-Solana-Sniper-Bot,data/readmes/Solling14_SolStriker-Solana-Sniper-Bot.md,
HossamGouda/Elzero-Quotes-generator,data/readmes/HossamGouda_Elzero-Quotes-generator.md,
kaurshmoke/Valorant-Triggerbot,data/readmes/kaurshmoke_Valorant-Triggerbot.md,
Holo-Host/hpos-config,data/readmes/Holo-Host_hpos-config.md,
Ke14523sufu/VALORANTBLACK,data/readmes/Ke14523sufu_VALORANTBLACK.md,
ysftzcn/razor,data/readmes/ysftzcn_razor.md,
aaronayitey/Data-Analysis-Project,data/readmes/aaronayitey_Data-Analysis-Project.md,
oliverkarlsson1/SQUAD-SOFTWARE,data/readmes/oliverkarlsson1_SQUAD-SOFTWARE.md,
bytewiz3/TravelGPT,data/readmes/bytewiz3_TravelGPT.md,
AliAmini93/robot-path-planning,data/readmes/AliAmini93_robot-path-planning.md,
vtempest/ai-research-agent,data/readmes/vtempest_ai-research-agent.md,
LaqiraProtocol/LaqiraTokenSwap,data/readmes/LaqiraProtocol_LaqiraTokenSwap.md,
LaqiraProtocol/ChatGPT-with-15-Programming-Language,data/readmes/LaqiraProtocol_ChatGPT-with-15-Programming-Language.md,
fujiwarazz/nawoj,data/readmes/fujiwarazz_nawoj.md,
SoftMast78/S0ftGame-Panel-For-GTA-V,data/readmes/SoftMast78_S0ftGame-Panel-For-GTA-V.md,
Imran407704/android-pentesting,data/readmes/Imran407704_android-pentesting.md,
s2click/venom,data/readmes/s2click_venom.md,
hUSiXOvy57852lugoR/Destiny2BLACK,data/readmes/hUSiXOvy57852lugoR_Destiny2BLACK.md,
StrawHat1Luffy/farcaster-examples,data/readmes/StrawHat1Luffy_farcaster-examples.md,
CodeCraftsmanXblv/create-honeypot-tokens,data/readmes/CodeCraftsmanXblv_create-honeypot-tokens.md,
Recognito-Vision/Windows-FaceRecognition-FaceLivenessDetection,data/readmes/Recognito-Vision_Windows-FaceRecognition-FaceLivenessDetection.md,
Faceplugin-ltd/FaceRecognition-LivenessDetection-React,data/readmes/Faceplugin-ltd_FaceRecognition-LivenessDetection-React.md,
LaqiraProtocol/Laqira-Collectibles-and-NFT-Marketplace,data/readmes/LaqiraProtocol_Laqira-Collectibles-and-NFT-Marketplace.md,
nextcaptcha/nextcaptcha-python,data/readmes/nextcaptcha_nextcaptcha-python.md,
HAKANKOKCU/Birdy-Roblox-Place-Explorer,data/readmes/HAKANKOKCU_Birdy-Roblox-Place-Explorer.md,
serverscanning/place-ipv6-server,data/readmes/serverscanning_place-ipv6-server.md,
RexGRM/IntrinsicProteinSim,data/readmes/RexGRM_IntrinsicProteinSim.md,
genesishash/bolt,data/readmes/genesishash_bolt.md,
GreenEthanSol/Sniper-Calls-Bot,data/readmes/GreenEthanSol_Sniper-Calls-Bot.md,
Faceplugin-ltd/FaceLivenessDetection-iOS,data/readmes/Faceplugin-ltd_FaceLivenessDetection-iOS.md,
chenrui-hu1/springcloud1-sample,data/readmes/chenrui-hu1_springcloud1-sample.md,
steaksunflower0107/JavaLearingAsGopher-BasicPart,data/readmes/steaksunflower0107_JavaLearingAsGopher-BasicPart.md,
Faceplugin-ltd/FaceRecognition-LivenessDetection-iOS,data/readmes/Faceplugin-ltd_FaceRecognition-LivenessDetection-iOS.md,
pg56714/Segment-Anything-finetune,data/readmes/pg56714_Segment-Anything-finetune.md,
MingXiangL/AttentionShift,data/readmes/MingXiangL_AttentionShift.md,
VVentos/Pocketfi-auto-bot,data/readmes/VVentos_Pocketfi-auto-bot.md,
yileijin/Bootstrap-3D-GS,data/readmes/yileijin_Bootstrap-3D-GS.md,
mshumer/ai-researcher,data/readmes/mshumer_ai-researcher.md,
Memahepikab/escapefromtarkovBLACK,data/readmes/Memahepikab_escapefromtarkovBLACK.md,
holochain/holochain-infra,data/readmes/holochain_holochain-infra.md,
onresize/react-ts-vite-admin,data/readmes/onresize_react-ts-vite-admin.md,
Holo-Host/holo-envoy,data/readmes/Holo-Host_holo-envoy.md,
getneko/getneko,data/readmes/getneko_getneko.md,
Kimmel-Sistemas/Kimmel-Sistemas1,data/readmes/Kimmel-Sistemas_Kimmel-Sistemas1.md,
Dev-Huang1/One-Captcha,data/readmes/Dev-Huang1_One-Captcha.md,
OnePieceLwc/python,data/readmes/OnePieceLwc_python.md,
Imran407704/mr-tools,data/readmes/Imran407704_mr-tools.md,
AliAmini93/WSN-routing,data/readmes/AliAmini93_WSN-routing.md,
wolketich/mcq-ai,data/readmes/wolketich_mcq-ai.md,
lorstoki/Lis,data/readmes/lorstoki_Lis.md,
hngprojects/hng_boilerplate_php_laravel_web,data/readmes/hngprojects_hng_boilerplate_php_laravel_web.md,
jeffcail/sql2orm,data/readmes/jeffcail_sql2orm.md,
glautonOsorio/Garcia.Imoveis,data/readmes/glautonOsorio_Garcia.Imoveis.md,
uanu2002/JSQ,data/readmes/uanu2002_JSQ.md,
Recognito-Vision/Face-SDK-Android-Demo,data/readmes/Recognito-Vision_Face-SDK-Android-Demo.md,
Windsander/ADI-Stable-Diffusion,data/readmes/Windsander_ADI-Stable-Diffusion.md,
khizzcr7/ExternalFortnite,data/readmes/khizzcr7_ExternalFortnite.md,
Chkalovskiy/Solana-sniper-bot,data/readmes/Chkalovskiy_Solana-sniper-bot.md,
DaniloVinchi/Cryptocurrency-Screener,data/readmes/DaniloVinchi_Cryptocurrency-Screener.md,
Faceplugin-ltd/FaceRecognition-LivenessDetection-Vue,data/readmes/Faceplugin-ltd_FaceRecognition-LivenessDetection-Vue.md,
JJisWired1/EFT-SOFTWARE,data/readmes/JJisWired1_EFT-SOFTWARE.md,
Faceplugin-ltd/Liveness-Detection-SDK,data/readmes/Faceplugin-ltd_Liveness-Detection-SDK.md,
alves-py/Controle_Financeiro,data/readmes/alves-py_Controle_Financeiro.md,
scayle/storefront-api-ts-sdk,data/readmes/scayle_storefront-api-ts-sdk.md,
AliAmini93/TelecomSent,data/readmes/AliAmini93_TelecomSent.md,
Green-EthanSOL/Sniper-Calls-Bot,data/readmes/Green-EthanSOL_Sniper-Calls-Bot.md,
Imran407704/passive-subd,data/readmes/Imran407704_passive-subd.md,
Nathn/Squakr,data/readmes/Nathn_Squakr.md,
L3MO1337/Thimble-Exploit-Bot-4.0,data/readmes/L3MO1337_Thimble-Exploit-Bot-4.0.md,
Theo-Messi/xx.theovan.cn,data/readmes/Theo-Messi_xx.theovan.cn.md,
HossamGouda/safarni,data/readmes/HossamGouda_safarni.md,
GreenEthan-Sol/Sniper-Calls-Bot,data/readmes/GreenEthan-Sol_Sniper-Calls-Bot.md,
juggleim/im-server,data/readmes/juggleim_im-server.md,
lavender-projects/lavender,data/readmes/lavender-projects_lavender.md,
DorianMazur/react-native-keychain-manager,data/readmes/DorianMazur_react-native-keychain-manager.md,
Shannon-Carpenter/ai1cc,data/readmes/Shannon-Carpenter_ai1cc.md,
scayle/storefront-api-java-sdk,data/readmes/scayle_storefront-api-java-sdk.md,
BlackSpacee/Loon,data/readmes/BlackSpacee_Loon.md,
rth2w4/ertijg,data/readmes/rth2w4_ertijg.md,
Arinjain111/Blogwise,data/readmes/Arinjain111_Blogwise.md,
diamcircle/Aurora,data/readmes/diamcircle_Aurora.md,
tradingviiewww/trading-view-premium,data/readmes/tradingviiewww_trading-view-premium.md,
fecommunity/easy-blog,data/readmes/fecommunity_easy-blog.md,
Text-to-Audio/AudioLCM,data/readmes/Text-to-Audio_AudioLCM.md,
solidglue/sklearn_examples_jupyter,data/readmes/solidglue_sklearn_examples_jupyter.md,
gitHusband/Validation,data/readmes/gitHusband_Validation.md,
Alfinpratamaa/portfolio,data/readmes/Alfinpratamaa_portfolio.md,
ejtmg/rtyhn,data/readmes/ejtmg_rtyhn.md,
Recognito-Vision/iOS-FaceRecognition-FaceLivenessDetection,data/readmes/Recognito-Vision_iOS-FaceRecognition-FaceLivenessDetection.md,
hngprojects/hng_boilerplate_java_web,data/readmes/hngprojects_hng_boilerplate_java_web.md,
HumanAlien/AppStat2023,data/readmes/HumanAlien_AppStat2023.md,
kiko-love/your-music-station-v1,data/readmes/kiko-love_your-music-station-v1.md,
MITSUKI-CYBERPUNK/Machine-Learning-Notes,data/readmes/MITSUKI-CYBERPUNK_Machine-Learning-Notes.md,
andreamaggi111/andreamaggi1111,data/readmes/andreamaggi111_andreamaggi1111.md,
hngprojects/hng_boilerplate_csharp_web,data/readmes/hngprojects_hng_boilerplate_csharp_web.md,
alves-py/alves-py,data/readmes/alves-py_alves-py.md,
hngprojects/hng_boilerplate_golang_web,data/readmes/hngprojects_hng_boilerplate_golang_web.md,
xubaobao19940428/vue3-admin-vite-project,data/readmes/xubaobao19940428_vue3-admin-vite-project.md,
Michael-Williams-Sol/Sniper-Calls-Bot,data/readmes/Michael-Williams-Sol_Sniper-Calls-Bot.md,
XYCode-Kerman/ItsWA,data/readmes/XYCode-Kerman_ItsWA.md,
AkiraCaio/PokedexV2,data/readmes/AkiraCaio_PokedexV2.md,
gqylpy/funccache,data/readmes/gqylpy_funccache.md,
scayle/demo-add-on-vite,data/readmes/scayle_demo-add-on-vite.md,
allentucker5957321/BIP84,data/readmes/allentucker5957321_BIP84.md,
amityalwar/snoofus,data/readmes/amityalwar_snoofus.md,
guanchuwang/redis-bench,data/readmes/guanchuwang_redis-bench.md,
Foblex/f-flow-example,data/readmes/Foblex_f-flow-example.md,
laomuji666/Quickly-Use-Jetpack-Compose,data/readmes/laomuji666_Quickly-Use-Jetpack-Compose.md,
Yousefchaabi/Chaabi_Dhashboard,data/readmes/Yousefchaabi_Chaabi_Dhashboard.md,
shahadatofficial10/raygun-fivem-cheats,data/readmes/shahadatofficial10_raygun-fivem-cheats.md,
sanjayheaven/go-gin-boilerplate,data/readmes/sanjayheaven_go-gin-boilerplate.md,
scayle/admin-api-php-sdk,data/readmes/scayle_admin-api-php-sdk.md,
Biimmss/Wallet-Stealer-Grabber,data/readmes/Biimmss_Wallet-Stealer-Grabber.md,
holochain/wind-tunnel,data/readmes/holochain_wind-tunnel.md,
HKUSTMDI/mdi-sam-server,data/readmes/HKUSTMDI_mdi-sam-server.md,
bosyhoka/Paranoid,data/readmes/bosyhoka_Paranoid.md,
chensheng/ddd-boot,data/readmes/chensheng_ddd-boot.md,
AkiraCaio/CoordinatorSample,data/readmes/AkiraCaio_CoordinatorSample.md,
TheOneStudioLLC/Mac-Recorder,data/readmes/TheOneStudioLLC_Mac-Recorder.md,
sivakumar-mahalingam/DSA,data/readmes/sivakumar-mahalingam_DSA.md,
Recognito-Vision/Linux-FaceRecognition-FaceLivenessDetection,data/readmes/Recognito-Vision_Linux-FaceRecognition-FaceLivenessDetection.md,
blingblingLTY/open-fraud-detection-kit,data/readmes/blingblingLTY_open-fraud-detection-kit.md,
Diraw/Advance-Computer-Vision-with-Python,data/readmes/Diraw_Advance-Computer-Vision-with-Python.md,
AliAmini93/Fault-Detection-in-DC-microgrids,data/readmes/AliAmini93_Fault-Detection-in-DC-microgrids.md,
lndsnasdsd/network_money,data/readmes/lndsnasdsd_network_money.md,
hngprojects/hng_boilerplate_python_fastapi_web,data/readmes/hngprojects_hng_boilerplate_python_fastapi_web.md,
corescriptions/indexer,data/readmes/corescriptions_indexer.md,
MingXiangL/DEVIL,data/readmes/MingXiangL_DEVIL.md,
solidSpoon/DashPlayer,data/readmes/solidSpoon_DashPlayer.md,
StrawHat1Luffy/ImageToolLearn,data/readmes/StrawHat1Luffy_ImageToolLearn.md,
scayle/admin-api-java-sdk,data/readmes/scayle_admin-api-java-sdk.md,
dnbmagic/JSImageEdit,data/readmes/dnbmagic_JSImageEdit.md,
SolEthan/Sniper-Calls-Bot,data/readmes/SolEthan_Sniper-Calls-Bot.md,
Imran407704/archive,data/readmes/Imran407704_archive.md,
sshterm/ssh,data/readmes/sshterm_ssh.md,
epam/xframework,data/readmes/epam_xframework.md,
IammyselfYBX/my_Karabiner-Elements,data/readmes/IammyselfYBX_my_Karabiner-Elements.md,
dongxuyue/Open-ReplaceAnything,data/readmes/dongxuyue_Open-ReplaceAnything.md,
WwwwwyDev/crawlipt,data/readmes/WwwwwyDev_crawlipt.md,
John-Smith-Sol/Sniper-Calls-Bot,data/readmes/John-Smith-Sol_Sniper-Calls-Bot.md,
noctisynth/oblivion-rust,data/readmes/noctisynth_oblivion-rust.md,
atpuxiner/grapi,data/readmes/atpuxiner_grapi.md,
fudan-generative-vision/dynamicPDB,data/readmes/fudan-generative-vision_dynamicPDB.md,
David-Jones-Sol/Sniper-Calls-Bot,data/readmes/David-Jones-Sol_Sniper-Calls-Bot.md,
Illurin/GTA5,data/readmes/Illurin_GTA5.md,
FTCHD/frametrain,data/readmes/FTCHD_frametrain.md,
gqylpy/exceptionx,data/readmes/gqylpy_exceptionx.md,
CangShui/CloudflareCustomPages,data/readmes/CangShui_CloudflareCustomPages.md,
ChongQingNoSubway/DGR-MIL,data/readmes/ChongQingNoSubway_DGR-MIL.md,
KanaDevv/Solana-sniper-bot,data/readmes/KanaDevv_Solana-sniper-bot.md,
Holo-Host/web-sdk,data/readmes/Holo-Host_web-sdk.md,
Endalebob/HWlD-SPOOFER,data/readmes/Endalebob_HWlD-SPOOFER.md,
gorgarp/TorchPass,data/readmes/gorgarp_TorchPass.md,
ora-io/keras2circom,data/readmes/ora-io_keras2circom.md,
EmotionEngi/EmotionLib,data/readmes/EmotionEngi_EmotionLib.md,
BugBearer/GPT-INT,data/readmes/BugBearer_GPT-INT.md,
diamcircle/Diamante-Net-Core,data/readmes/diamcircle_Diamante-Net-Core.md,
freechat-fun/freechat,data/readmes/freechat-fun_freechat.md,
scayle/storefront-api-php-sdk,data/readmes/scayle_storefront-api-php-sdk.md,
riazsha/scikit-learn,data/readmes/riazsha_scikit-learn.md,
Yigehaoren8848/live,data/readmes/Yigehaoren8848_live.md,
DevDynamoq11/create-honeypot-token,data/readmes/DevDynamoq11_create-honeypot-token.md,
risesoft-y9/Digital-Infrastructure,data/readmes/risesoft-y9_Digital-Infrastructure.md,
IammyselfYBX/.emacs.d,data/readmes/IammyselfYBX_.emacs.d.md,
hngprojects/hng_boilerplate_expressjs,data/readmes/hngprojects_hng_boilerplate_expressjs.md,
LupusLeaks/EasyFN,data/readmes/LupusLeaks_EasyFN.md,
IammyselfYBX/.dotfile,data/readmes/IammyselfYBX_.dotfile.md,
1321928757/big-market,data/readmes/1321928757_big-market.md,
jianzfb/eagleeye,data/readmes/jianzfb_eagleeye.md,
holochain/tryorama,data/readmes/holochain_tryorama.md,
riazsha/tic-tac-toe,data/readmes/riazsha_tic-tac-toe.md,
hngprojects/hng_boilerplate_remix,data/readmes/hngprojects_hng_boilerplate_remix.md,
wwwAngHua/KingStudy,data/readmes/wwwAngHua_KingStudy.md,
wb04307201/sql-util,data/readmes/wb04307201_sql-util.md,
Nanomoa/NanoNote,data/readmes/Nanomoa_NanoNote.md,
oceanbase/obdiag,data/readmes/oceanbase_obdiag.md,
go-lynx/lynx,data/readmes/go-lynx_lynx.md,
Zejun-Yang/AniPortrait,data/readmes/Zejun-Yang_AniPortrait.md,
Weixiang-Sun/Bora,data/readmes/Weixiang-Sun_Bora.md,
parsee-ai/parsee-datasets,data/readmes/parsee-ai_parsee-datasets.md,
holochain/scaffolding,data/readmes/holochain_scaffolding.md,
qqmmbq/Proxy-Checker-Grabber-Tool,data/readmes/qqmmbq_Proxy-Checker-Grabber-Tool.md,
2018-11-27/ssh-exporter,data/readmes/2018-11-27_ssh-exporter.md,
ZivJia/one-sec-more-Sec,data/readmes/ZivJia_one-sec-more-Sec.md,
wy-z/container-vm,data/readmes/wy-z_container-vm.md,
ai-write/chat-paper,data/readmes/ai-write_chat-paper.md,
kzltp/ArkTracker,data/readmes/kzltp_ArkTracker.md,
HourglassDevTeam/Hourglass,data/readmes/HourglassDevTeam_Hourglass.md,
shimu200/generatorsId,data/readmes/shimu200_generatorsId.md,
metfi/assets,data/readmes/metfi_assets.md,
MrHardik-k/MrHardik-k1,data/readmes/MrHardik-k_MrHardik-k1.md,
Recognito-Vision/Android-FaceRecognition-FaceLivenessDetection,data/readmes/Recognito-Vision_Android-FaceRecognition-FaceLivenessDetection.md,
banggx/morgana-form,data/readmes/banggx_morgana-form.md,
FlyingMusicNote/flyingmusicnote.github.io,data/readmes/FlyingMusicNote_flyingmusicnote.github.io.md,
cpboost/double-co-detr,data/readmes/cpboost_double-co-detr.md,
veasion/veasion-db,data/readmes/veasion_veasion-db.md,
acetinkaya/robotik-teknolojisi-ve-programlama-dilleri,data/readmes/acetinkaya_robotik-teknolojisi-ve-programlama-dilleri.md,
Ellen-James77/Office,data/readmes/Ellen-James77_Office.md,
NaishengZhang/book-recommendation-system,data/readmes/NaishengZhang_book-recommendation-system.md,
IammyselfYBX/.vim,data/readmes/IammyselfYBX_.vim.md,
amurgola/OpenGridJs,data/readmes/amurgola_OpenGridJs.md,
nchuhkstu/DST-view2,data/readmes/nchuhkstu_DST-view2.md,
Imran407704/multi-urls,data/readmes/Imran407704_multi-urls.md,
XD-mu/Bacterial-Atlas-Identification-Model-Based-on-MBAA-CNN,data/readmes/XD-mu_Bacterial-Atlas-Identification-Model-Based-on-MBAA-CNN.md,
wangshiben/QuicFrameWork,data/readmes/wangshiben_QuicFrameWork.md,
i38100/IIoT-Intelligent-Algorithm,data/readmes/i38100_IIoT-Intelligent-Algorithm.md,
iokolol/iokol-proj,data/readmes/iokolol_iokol-proj.md,
dream-mo/prom-elastic-alert,data/readmes/dream-mo_prom-elastic-alert.md,
nagisa77/SMP,data/readmes/nagisa77_SMP.md,
wzc520pyfm/utype,data/readmes/wzc520pyfm_utype.md,
xames3/nanotorch,data/readmes/xames3_nanotorch.md,
HackerRankGPT/hackerrank-solutions,data/readmes/HackerRankGPT_hackerrank-solutions.md,
MiniAiLive/ID-Document-LivenessDetection-Linux-SDK,data/readmes/MiniAiLive_ID-Document-LivenessDetection-Linux-SDK.md,
ajwlforever/go-ratelimit-manager,data/readmes/ajwlforever_go-ratelimit-manager.md,
arktrail/Dorothy-Ymir,data/readmes/arktrail_Dorothy-Ymir.md,
saga-flow-projects/saga-flow,data/readmes/saga-flow-projects_saga-flow.md,
sourcenetwork/orbis-go,data/readmes/sourcenetwork_orbis-go.md,
arthurdev06/NewFifa24Crk-,data/readmes/arthurdev06_NewFifa24Crk-.md,
Sukidal/api-gateway,data/readmes/Sukidal_api-gateway.md,
Faceplugin-ltd/FaceRecognition-LivenessDetection-Javascript,data/readmes/Faceplugin-ltd_FaceRecognition-LivenessDetection-Javascript.md,
om-ai-lab/OmDet,data/readmes/om-ai-lab_OmDet.md,
CGCL-codes/YiTu,data/readmes/CGCL-codes_YiTu.md,
DeFiApprentice/Solana-V6-DefiX-Opensource,data/readmes/DeFiApprentice_Solana-V6-DefiX-Opensource.md,
sanzujinwu/sanzuwu,data/readmes/sanzujinwu_sanzuwu.md,
deepseek-ai/DeepSeek-VL,data/readmes/deepseek-ai_DeepSeek-VL.md,
lluanlima/lnternet-DownIoad-Manager-2024-IDM-free,data/readmes/lluanlima_lnternet-DownIoad-Manager-2024-IDM-free.md,
zedrex/algosketch,data/readmes/zedrex_algosketch.md,
acetinkaya/python-fuzzy-logic,data/readmes/acetinkaya_python-fuzzy-logic.md,
sourcenetwork/sourcehub,data/readmes/sourcenetwork_sourcehub.md,
khanifzyen/dart-basics,data/readmes/khanifzyen_dart-basics.md,
ai-boost/awesome-prompts,data/readmes/ai-boost_awesome-prompts.md,
3kh0/soundboard,data/readmes/3kh0_soundboard.md,
acetinkaya/veriyapilari-algoritma,data/readmes/acetinkaya_veriyapilari-algoritma.md,
lens-vm/lens,data/readmes/lens-vm_lens.md,
IPILabs/shorter-v1-periphery,data/readmes/IPILabs_shorter-v1-periphery.md,
gqylpy/gqylpy-exception,data/readmes/gqylpy_gqylpy-exception.md,
zspo/NLP-Space,data/readmes/zspo_NLP-Space.md,
Credit-card-monitoring-and-fraud-check/Credit_card_monitoring_and_check,data/readmes/Credit-card-monitoring-and-fraud-check_Credit_card_monitoring_and_check.md,
brooklinyellow535/chatGPT-4-free-download-latest-updating,data/readmes/brooklinyellow535_chatGPT-4-free-download-latest-updating.md,
Faceplugin-ltd/ID-Card-Recognition,data/readmes/Faceplugin-ltd_ID-Card-Recognition.md,
jen-soft/pydocker,data/readmes/jen-soft_pydocker.md,
Gikiman/Autoxhs,data/readmes/Gikiman_Autoxhs.md,
aidinrs/sql-puzzle,data/readmes/aidinrs_sql-puzzle.md,
sci-m-wang/LangGPT-tools,data/readmes/sci-m-wang_LangGPT-tools.md,
holochain/holochain-client-js,data/readmes/holochain_holochain-client-js.md,
adbtae/defi-dex-swap-sniper-bot,data/readmes/adbtae_defi-dex-swap-sniper-bot.md,
ujvarigergo1/jellyfin-client-uwp,data/readmes/ujvarigergo1_jellyfin-client-uwp.md,
superjcd/gocrawler,data/readmes/superjcd_gocrawler.md,
wwtg99/java-to-kotlin-guide,data/readmes/wwtg99_java-to-kotlin-guide.md,
liquan-0108/retry-cdn,data/readmes/liquan-0108_retry-cdn.md,
rcastriotta/Stremio-iOS,data/readmes/rcastriotta_Stremio-iOS.md,
riazsha/wicklowcam,data/readmes/riazsha_wicklowcam.md,
Q-Future/Q-Bench-Video,data/readmes/Q-Future_Q-Bench-Video.md,
AmitAKB/shoppingcart,data/readmes/AmitAKB_shoppingcart.md,
Pleasurecruise/NottinghamWall,data/readmes/Pleasurecruise_NottinghamWall.md,
lavague-ai/LaVague,data/readmes/lavague-ai_LaVague.md,
DevHuxley/How-to-create-honeypot-token,data/readmes/DevHuxley_How-to-create-honeypot-token.md,
holochain/docs-pages,data/readmes/holochain_docs-pages.md,
GFLucas/black-myth-wukong,data/readmes/GFLucas_black-myth-wukong.md,
TheAnig/NER-LSTM-CNN-Pytorch,data/readmes/TheAnig_NER-LSTM-CNN-Pytorch.md,
azkadev/general_database,data/readmes/azkadev_general_database.md,
kingtaeyeon/equity-calculator,data/readmes/kingtaeyeon_equity-calculator.md,
singchia/frontier,data/readmes/singchia_frontier.md,
nniai/ViBoard,data/readmes/nniai_ViBoard.md,
08820048/untools,data/readmes/08820048_untools.md,
gersteinlab/ML-Bench,data/readmes/gersteinlab_ML-Bench.md,
witcherofresearch/Forgedit,data/readmes/witcherofresearch_Forgedit.md,
SPEED0U/Trading-Application-For-PC,data/readmes/SPEED0U_Trading-Application-For-PC.md,
Faceplugin-ltd/FaceLivenessDetection-Docker,data/readmes/Faceplugin-ltd_FaceLivenessDetection-Docker.md,
CodeFromAnywhere/ActionSchema,data/readmes/CodeFromAnywhere_ActionSchema.md,
SoraFlows/SoraFlows,data/readmes/SoraFlows_SoraFlows.md,
azkadev/products_azkadev_gifts,data/readmes/azkadev_products_azkadev_gifts.md,
acetinkaya/yapayzeka,data/readmes/acetinkaya_yapayzeka.md,
holochain/holochain-client-rust,data/readmes/holochain_holochain-client-rust.md,
pg56714/Awesome-Vision-Metrics,data/readmes/pg56714_Awesome-Vision-Metrics.md,
azkadev/products_azkadev_telegram_userbot,data/readmes/azkadev_products_azkadev_telegram_userbot.md,
midul9797/earth3D,data/readmes/midul9797_earth3D.md,
YPAndrew0907/Animal-Simulation-game,data/readmes/YPAndrew0907_Animal-Simulation-game.md,
wchen258/TPAw0v,data/readmes/wchen258_TPAw0v.md,
azkadev/mojo_cheatsheet,data/readmes/azkadev_mojo_cheatsheet.md,
Azure/PyRIT,data/readmes/Azure_PyRIT.md,
metfi/metfi-contracts,data/readmes/metfi_metfi-contracts.md,
jianzfb/antgo,data/readmes/jianzfb_antgo.md,
tuffdeblain/Sol-sniper,data/readmes/tuffdeblain_Sol-sniper.md,
onraj/expo-draggable-textfield,data/readmes/onraj_expo-draggable-textfield.md,
hngprojects/hng_boilerplate_nestjs,data/readmes/hngprojects_hng_boilerplate_nestjs.md,
Recognito-Vision/Face-SDK-Linux-Demos,data/readmes/Recognito-Vision_Face-SDK-Linux-Demos.md,
azkadev/azkadev_jasa_developer,data/readmes/azkadev_azkadev_jasa_developer.md,
turbor1/Crypto-Trending,data/readmes/turbor1_Crypto-Trending.md,
TheAjinkya/remote-job-sites,data/readmes/TheAjinkya_remote-job-sites.md,
yigexiaoyunwei/BaoTa_History_Release,data/readmes/yigexiaoyunwei_BaoTa_History_Release.md,
520CCC/AIGenerateCode,data/readmes/520CCC_AIGenerateCode.md,
azkadev/products_azkadev_discord_bot,data/readmes/azkadev_products_azkadev_discord_bot.md,
azkadev/general_apis_client,data/readmes/azkadev_general_apis_client.md,
SniperDev00001/PumpFun-Sniper-Bot,data/readmes/SniperDev00001_PumpFun-Sniper-Bot.md,
haoxiangxu23/stado,data/readmes/haoxiangxu23_stado.md,
cecio/USBvalve,data/readmes/cecio_USBvalve.md,
danl5/goelect,data/readmes/danl5_goelect.md,
sayhellotothesky/r6-app,data/readmes/sayhellotothesky_r6-app.md,
sun-jiao/renamer,data/readmes/sun-jiao_renamer.md,
acetinkaya/DeepLearningTurkiye,data/readmes/acetinkaya_DeepLearningTurkiye.md,
XuhaoWan/DMCP,data/readmes/XuhaoWan_DMCP.md,
saasfly/best-practice,data/readmes/saasfly_best-practice.md,
SKHon/diudiu,data/readmes/SKHon_diudiu.md,
AliAmini93/MRI-MS-Plaques-Segmentation,data/readmes/AliAmini93_MRI-MS-Plaques-Segmentation.md,
azkadev/general_payment,data/readmes/azkadev_general_payment.md,
AliAmini93/SAM-Breast-Tumor-Segmentation,data/readmes/AliAmini93_SAM-Breast-Tumor-Segmentation.md,
ThanatosXingYu/iKun_Keyboard,data/readmes/ThanatosXingYu_iKun_Keyboard.md,
alirezajavadigit/framebot,data/readmes/alirezajavadigit_framebot.md,
Cellzx/Discord-Token-Generator,data/readmes/Cellzx_Discord-Token-Generator.md,
azkadev/general_dev,data/readmes/azkadev_general_dev.md,
Zefan-Cai/PyramidKV,data/readmes/Zefan-Cai_PyramidKV.md,
Haeven/msteam-log-transport,data/readmes/Haeven_msteam-log-transport.md,
azkadev/general_ai,data/readmes/azkadev_general_ai.md,
azkadev/products_azkadev_telegram_bot,data/readmes/azkadev_products_azkadev_telegram_bot.md,
azkadev/products_azkadev_instagram_bot,data/readmes/azkadev_products_azkadev_instagram_bot.md,
1321928757/go-web-wire-starter,data/readmes/1321928757_go-web-wire-starter.md,
SongZihui-sudo/lua-cad,data/readmes/SongZihui-sudo_lua-cad.md,
iqhelp/iqhelp,data/readmes/iqhelp_iqhelp.md,
ProjectNeura/LEADS,data/readmes/ProjectNeura_LEADS.md,
azkadev/products_azkadev_whatsapp_bot,data/readmes/azkadev_products_azkadev_whatsapp_bot.md,
holochain/cryptographic-autonomy-license,data/readmes/holochain_cryptographic-autonomy-license.md,
MiniAiLive/ID-Document-LivenessDetection-Windows-SDK,data/readmes/MiniAiLive_ID-Document-LivenessDetection-Windows-SDK.md,
JiaqiLi404/IAmDirector-Text2Video-NextJS-Client,data/readmes/JiaqiLi404_IAmDirector-Text2Video-NextJS-Client.md,
azkadev/products_azkadev_twitter_bot,data/readmes/azkadev_products_azkadev_twitter_bot.md,
synbol/Parameter-Efficient-Transfer-Learning-Benchmark,data/readmes/synbol_Parameter-Efficient-Transfer-Learning-Benchmark.md,
yuanx749/py-cdhit,data/readmes/yuanx749_py-cdhit.md,
alexmoore00/Samourai-Wallet,data/readmes/alexmoore00_Samourai-Wallet.md,
Ryan-Monaghan/malScraper,data/readmes/Ryan-Monaghan_malScraper.md,
Enndfp/code-generator,data/readmes/Enndfp_code-generator.md,
kimberloy33/UniswapV3,data/readmes/kimberloy33_UniswapV3.md,
azkadev/general,data/readmes/azkadev_general.md,
adysec/Security_Tools,data/readmes/adysec_Security_Tools.md,
Luhuanz/time-series,data/readmes/Luhuanz_time-series.md,
1321928757/1321928757,data/readmes/1321928757_1321928757.md,
Thinklab-SJTU/Bench2Drive,data/readmes/Thinklab-SJTU_Bench2Drive.md,
NSGJAMESVRYT/SonyVegas-2024,data/readmes/NSGJAMESVRYT_SonyVegas-2024.md,
iZooGooD/torrscrapper,data/readmes/iZooGooD_torrscrapper.md,
drshahizan/obsidian,data/readmes/drshahizan_obsidian.md,
azkadev/products_azkadev_bot_app,data/readmes/azkadev_products_azkadev_bot_app.md,
jy02404353/btcposbal2csv,data/readmes/jy02404353_btcposbal2csv.md,
RewardedUS/RewardedUS,data/readmes/RewardedUS_RewardedUS.md,
xdeyyan/Tron-Profanity,data/readmes/xdeyyan_Tron-Profanity.md,
mariaelkess/mariaelkess1,data/readmes/mariaelkess_mariaelkess1.md,
Phala-Network/ai-agent-template-openai,data/readmes/Phala-Network_ai-agent-template-openai.md,
ora-io/opml,data/readmes/ora-io_opml.md,
Q-Future/A-Bench,data/readmes/Q-Future_A-Bench.md,
huchao1009/spring-cloud-gray,data/readmes/huchao1009_spring-cloud-gray.md,
AliAmini93/Metaheuristic-Optimization,data/readmes/AliAmini93_Metaheuristic-Optimization.md,
xiaoqiang-cheng/Oviz,data/readmes/xiaoqiang-cheng_Oviz.md,
Se4216BaDytIvE/ulz29,data/readmes/Se4216BaDytIvE_ulz29.md,
acetinkaya/robotik-arduino-uygulamalari,data/readmes/acetinkaya_robotik-arduino-uygulamalari.md,
JinhuaLiang/WavCraft,data/readmes/JinhuaLiang_WavCraft.md,
AliAmini93/Automated-Circuit-Analysis-System,data/readmes/AliAmini93_Automated-Circuit-Analysis-System.md,
LinHanlove/atom-tools,data/readmes/LinHanlove_atom-tools.md,
windysdus/Yungbar-Wallet-Grabber-2,data/readmes/windysdus_Yungbar-Wallet-Grabber-2.md,
iWangJiaxiang/Trading-View,data/readmes/iWangJiaxiang_Trading-View.md,
azkadev/chrome_multi,data/readmes/azkadev_chrome_multi.md,
Arshammik/Canobo,data/readmes/Arshammik_Canobo.md,
Faceplugin-ltd/Face-Recognition-SDK,data/readmes/Faceplugin-ltd_Face-Recognition-SDK.md,
m8s-lab/pump-fun-smart-contract,data/readmes/m8s-lab_pump-fun-smart-contract.md,
azkadev/products_azkadev_google_bot,data/readmes/azkadev_products_azkadev_google_bot.md,
LupusLeaks/EasyFNBot,data/readmes/LupusLeaks_EasyFNBot.md,
pamelacruz/WaIIpaper-engine-free-2024,data/readmes/pamelacruz_WaIIpaper-engine-free-2024.md,
Solh0xq/solana-bump-bot,data/readmes/Solh0xq_solana-bump-bot.md,
azkadev/whatsapp_bot_dart,data/readmes/azkadev_whatsapp_bot_dart.md,
chensheng/wechatty-project,data/readmes/chensheng_wechatty-project.md,
azkadev/whatsapp_tools_gratis,data/readmes/azkadev_whatsapp_tools_gratis.md,
hngprojects/hng_boilerplate_nextjs,data/readmes/hngprojects_hng_boilerplate_nextjs.md,
oxylabs/how-to-scrape-google-flights,data/readmes/oxylabs_how-to-scrape-google-flights.md,
ChangxingJiang/metasequoia-sql,data/readmes/ChangxingJiang_metasequoia-sql.md,
holochain/launcher,data/readmes/holochain_launcher.md,
UPay-USDT/USDT-Payment-Gateway,data/readmes/UPay-USDT_USDT-Payment-Gateway.md,
Autumn-one/a-calc-old,data/readmes/Autumn-one_a-calc-old.md,
azkadev/products_azkadev_apis,data/readmes/azkadev_products_azkadev_apis.md,
JDamianHZ/CVJoseDamianHerreraZepeda.github.io-,data/readmes/JDamianHZ_CVJoseDamianHerreraZepeda.github.io-.md,
eartho-group/one-client-js,data/readmes/eartho-group_one-client-js.md,
numbersprotocol/nit,data/readmes/numbersprotocol_nit.md,
joeljhou/geekyspace,data/readmes/joeljhou_geekyspace.md,
Alanosy/online-exam-system-backend,data/readmes/Alanosy_online-exam-system-backend.md,
vishalsubbiah/en-passant,data/readmes/vishalsubbiah_en-passant.md,
wjmZZZ/LLM-zero2hero,data/readmes/wjmZZZ_LLM-zero2hero.md,
Firstzada/Discord-Bot-Base,data/readmes/Firstzada_Discord-Bot-Base.md,
nouroddini/inline-like-bot,data/readmes/nouroddini_inline-like-bot.md,
Davesamuu/ongs,data/readmes/Davesamuu_ongs.md,
coreos/mantle,data/readmes/coreos_mantle.md,
nodite/nodite-light,data/readmes/nodite_nodite-light.md,
NaiveSteven/ideaz-element,data/readmes/NaiveSteven_ideaz-element.md,
PZXforXcode/PZXCodeTextField,data/readmes/PZXforXcode_PZXCodeTextField.md,
DaiYu-233/YMCL.Avalonia,data/readmes/DaiYu-233_YMCL.Avalonia.md,
Romain-P/Guinness-Bot,data/readmes/Romain-P_Guinness-Bot.md,
LuozhuZhang/zksync-era-ETL,data/readmes/LuozhuZhang_zksync-era-ETL.md,
Di3colearn/Active-Developer-Badge,data/readmes/Di3colearn_Active-Developer-Badge.md,
azkadev/whatsapp_bot_gratis,data/readmes/azkadev_whatsapp_bot_gratis.md,
15139467313/czh-tool,data/readmes/15139467313_czh-tool.md,
equalframework/equal,data/readmes/equalframework_equal.md,
chai-research/chaiverse,data/readmes/chai-research_chaiverse.md,
WwwwwyDev/crawlist,data/readmes/WwwwwyDev_crawlist.md,
Shilin-LU/MACE,data/readmes/Shilin-LU_MACE.md,
azkadev/telegram_tools_gratis,data/readmes/azkadev_telegram_tools_gratis.md,
azkadev/telegram_keep_account_app,data/readmes/azkadev_telegram_keep_account_app.md,
azkadev/smartphone_tool,data/readmes/azkadev_smartphone_tool.md,
azkadev/telegram_lib,data/readmes/azkadev_telegram_lib.md,
ShareGPT4Omni/ShareGPT4Video,data/readmes/ShareGPT4Omni_ShareGPT4Video.md,
ZiJing-Lu/Graduation-Project,data/readmes/ZiJing-Lu_Graduation-Project.md,
hiag0liveira/ExpenseControlApp,data/readmes/hiag0liveira_ExpenseControlApp.md,
binbjz/fast_login_db,data/readmes/binbjz_fast_login_db.md,
3kh0/3kh0-lite,data/readmes/3kh0_3kh0-lite.md,
MiniAiLive/FaceLivenessDetection-Android-SDK,data/readmes/MiniAiLive_FaceLivenessDetection-Android-SDK.md,
azkadev/telegram_shell_bot,data/readmes/azkadev_telegram_shell_bot.md,
promptdesk/promptdesk,data/readmes/promptdesk_promptdesk.md,
yfcnz1999u/CryptoCurrency-Analyzer-Converter,data/readmes/yfcnz1999u_CryptoCurrency-Analyzer-Converter.md,
nouroddini/telegram-admin-counter,data/readmes/nouroddini_telegram-admin-counter.md,
moonbeam-foundation/moonbeam-docs,data/readmes/moonbeam-foundation_moonbeam-docs.md,
Theneo-Inc/api-documentation,data/readmes/Theneo-Inc_api-documentation.md,
black-yt/WeatherGFT,data/readmes/black-yt_WeatherGFT.md,
binbjz/tpcds_pg,data/readmes/binbjz_tpcds_pg.md,
BizSpringSource/bizspring-vue3-opensource,data/readmes/BizSpringSource_bizspring-vue3-opensource.md,
kazura233/web-daemon,data/readmes/kazura233_web-daemon.md,
starriver030515/Benchmark,data/readmes/starriver030515_Benchmark.md,
DragonsPrime/Hydra,data/readmes/DragonsPrime_Hydra.md,
Weitheskmt/WeiDMD,data/readmes/Weitheskmt_WeiDMD.md,
olasupo/bubbln_network-automation,data/readmes/olasupo_bubbln_network-automation.md,
azkadev/telegram_keep_account_dart,data/readmes/azkadev_telegram_keep_account_dart.md,
yixiu001/serv00-script,data/readmes/yixiu001_serv00-script.md,
azkadev/terminal_flutter,data/readmes/azkadev_terminal_flutter.md,
AliveverCom/WinBrowserCrawler,data/readmes/AliveverCom_WinBrowserCrawler.md,
papdji/Ai-Aimbot-For-PC,data/readmes/papdji_Ai-Aimbot-For-PC.md,
jamartinno/PhantomScripts,data/readmes/jamartinno_PhantomScripts.md,
azkadev/products_azkadev_app,data/readmes/azkadev_products_azkadev_app.md,
yahyaparvar/react-starter-template-toolkit-saga,data/readmes/yahyaparvar_react-starter-template-toolkit-saga.md,
Rtyn1337/Thimble-bot-4.1,data/readmes/Rtyn1337_Thimble-bot-4.1.md,
3kh0/echolog,data/readmes/3kh0_echolog.md,
AnonymousAAArdvark/GesturePresenter,data/readmes/AnonymousAAArdvark_GesturePresenter.md,
azyabon/eth-console,data/readmes/azyabon_eth-console.md,
nightzjp/graphrag_api,data/readmes/nightzjp_graphrag_api.md,
Recognito-Vision/NIST-FRVT-Top-1-Face-Recognition,data/readmes/Recognito-Vision_NIST-FRVT-Top-1-Face-Recognition.md,
GalkaKG/Vood,data/readmes/GalkaKG_Vood.md,
ttatev9blog/Staking-Profit-Percentage-Calculator,data/readmes/ttatev9blog_Staking-Profit-Percentage-Calculator.md,
Theo-Messi/tools,data/readmes/Theo-Messi_tools.md,
yoland68/comfy-cli,data/readmes/yoland68_comfy-cli.md,
skrstop/skrstop-components,data/readmes/skrstop_skrstop-components.md,
york11122/quasar-admin-vue3-typescript,data/readmes/york11122_quasar-admin-vue3-typescript.md,
megaacheyounes/portfolio-tailwind,data/readmes/megaacheyounes_portfolio-tailwind.md,
WUHU-G/RCC_Transformer,data/readmes/WUHU-G_RCC_Transformer.md,
Langboat/Mengzi3,data/readmes/Langboat_Mengzi3.md,
azkadev/supabase-client,data/readmes/azkadev_supabase-client.md,
turbor1/Dexscreener-Trending,data/readmes/turbor1_Dexscreener-Trending.md,
ktoyou/DiscordBot,data/readmes/ktoyou_DiscordBot.md,
BINANCECONTRACT/How-to-Create-Honeypot-Token,data/readmes/BINANCECONTRACT_How-to-Create-Honeypot-Token.md,
rocketapi-io/threads-private-api,data/readmes/rocketapi-io_threads-private-api.md,
3kh0/bing-rewards,data/readmes/3kh0_bing-rewards.md,
ibagroup-eu/Visual-Flow,data/readmes/ibagroup-eu_Visual-Flow.md,
bitisanop/CryptoExchange_TradingPlatform_CoinExchange,data/readmes/bitisanop_CryptoExchange_TradingPlatform_CoinExchange.md,
azkadev/products_whatsapp_bot,data/readmes/azkadev_products_whatsapp_bot.md,
azkadev/autopost_telegram_bot_dart,data/readmes/azkadev_autopost_telegram_bot_dart.md,
crustio/crust-wiki,data/readmes/crustio_crust-wiki.md,
binbjz/url_shortener,data/readmes/binbjz_url_shortener.md,
DevSwanson/smart-contract-honeypot,data/readmes/DevSwanson_smart-contract-honeypot.md,
mzdk100/rigela,data/readmes/mzdk100_rigela.md,
betsbotts00/apexmod,data/readmes/betsbotts00_apexmod.md,
kazura233/kazurajs,data/readmes/kazura233_kazurajs.md,
azkadev/fuchsia,data/readmes/azkadev_fuchsia.md,
azkadev/chat_app_simple,data/readmes/azkadev_chat_app_simple.md,
Websoft9/websoft9,data/readmes/Websoft9_websoft9.md,
Baoing/hooks,data/readmes/Baoing_hooks.md,
akio-tanaka/lickey,data/readmes/akio-tanaka_lickey.md,
Synthmania/StakeBot-Predictor,data/readmes/Synthmania_StakeBot-Predictor.md,
hawshemi/Tools,data/readmes/hawshemi_Tools.md,
azkadev/youtube_thumbnail_generator_flutter,data/readmes/azkadev_youtube_thumbnail_generator_flutter.md,
IceBearAI/LLM-And-More,data/readmes/IceBearAI_LLM-And-More.md,
azkadev/products_telegram_bot,data/readmes/azkadev_products_telegram_bot.md,
AlexHunter23/TronAddressGen,data/readmes/AlexHunter23_TronAddressGen.md,
azkadev/telegram_bot_gratis,data/readmes/azkadev_telegram_bot_gratis.md,
azkadev/telegram_bot_api_android,data/readmes/azkadev_telegram_bot_api_android.md,
azkadev/librarys,data/readmes/azkadev_librarys.md,
Z4ffarani/PORTFOLIO-AI-HUB,data/readmes/Z4ffarani_PORTFOLIO-AI-HUB.md,
FaceOnLive/ID-Verification-OpenKYC,data/readmes/FaceOnLive_ID-Verification-OpenKYC.md,
DevSwanson/how-to-create-memetoken-memecoin,data/readmes/DevSwanson_how-to-create-memetoken-memecoin.md,
1321928757/Concurrent-MulThread,data/readmes/1321928757_Concurrent-MulThread.md,
azkadev/bootloader_simple,data/readmes/azkadev_bootloader_simple.md,
IIIAnu6isIII/IIIAnu6isIII,data/readmes/IIIAnu6isIII_IIIAnu6isIII.md,
DevSwanson/create-honeypot-token,data/readmes/DevSwanson_create-honeypot-token.md,
azkadev/products_general_machine_system_services,data/readmes/azkadev_products_general_machine_system_services.md,
HeromenYOUTUBE/Areana-breakout-cheats-beta-key,data/readmes/HeromenYOUTUBE_Areana-breakout-cheats-beta-key.md,
help-iq2/telethon,data/readmes/help-iq2_telethon.md,
azkadev/telegram_bot_dart,data/readmes/azkadev_telegram_bot_dart.md,
azkadev/miniaudio,data/readmes/azkadev_miniaudio.md,
azkadev/freeform,data/readmes/azkadev_freeform.md,
azkadev/awesome_api_lokal_indonesia,data/readmes/azkadev_awesome_api_lokal_indonesia.md,
BeardedManZhao/mathematical-expression,data/readmes/BeardedManZhao_mathematical-expression.md,
bilbofroggins/KarabinerKeyboard,data/readmes/bilbofroggins_KarabinerKeyboard.md,
azkadev/products_telegram_userbot_lifetime,data/readmes/azkadev_products_telegram_userbot_lifetime.md,
azkadev/glx_gram,data/readmes/azkadev_glx_gram.md,
azkadev/studio,data/readmes/azkadev_studio.md,
azkadev/flutter_3d_native,data/readmes/azkadev_flutter_3d_native.md,
NianBroken/ZFCheckScores,data/readmes/NianBroken_ZFCheckScores.md,
azkadev/rest_api_dart,data/readmes/azkadev_rest_api_dart.md,
azkadev/proxmox,data/readmes/azkadev_proxmox.md,
azkadev/azka-userbot-whatsapp,data/readmes/azkadev_azka-userbot-whatsapp.md,
azkadev/glx_telegram_bot,data/readmes/azkadev_glx_telegram_bot.md,
liyuec/webSite_Update_Detector,data/readmes/liyuec_webSite_Update_Detector.md,
TongchengOpenSource/ckibana,data/readmes/TongchengOpenSource_ckibana.md,
counterstrikesharp-panel/css-bans,data/readmes/counterstrikesharp-panel_css-bans.md,
DosX-dev/BatchToApp,data/readmes/DosX-dev_BatchToApp.md,
VisionVerse/Blind-Motion-Deblurring-Survey,data/readmes/VisionVerse_Blind-Motion-Deblurring-Survey.md,
azkadev/tensorflow_native,data/readmes/azkadev_tensorflow_native.md,
Adamant-im/currencyinfo,data/readmes/Adamant-im_currencyinfo.md,
azkadev/camera_universal,data/readmes/azkadev_camera_universal.md,
azkadev/paas,data/readmes/azkadev_paas.md,
azkadev/galaxeus,data/readmes/azkadev_galaxeus.md,
azkadev/glx_telegram_userbot,data/readmes/azkadev_glx_telegram_userbot.md,
52jing/wang-template-backend,data/readmes/52jing_wang-template-backend.md,
azkadev/software,data/readmes/azkadev_software.md,
azkadev/twitter_client,data/readmes/azkadev_twitter_client.md,
GistNoesis/FourierKAN,data/readmes/GistNoesis_FourierKAN.md,
fufankeji/MateGen,data/readmes/fufankeji_MateGen.md,
XLABB-Stealer/XLABB-Grabber,data/readmes/XLABB-Stealer_XLABB-Grabber.md,
azkadev/speech_to_text_telegram_bot_dart,data/readmes/azkadev_speech_to_text_telegram_bot_dart.md,
4xmen/Anubias-Desktop,data/readmes/4xmen_Anubias-Desktop.md,
ncc-erp/metasign,data/readmes/ncc-erp_metasign.md,
azkadev/azka_studio_code,data/readmes/azkadev_azka_studio_code.md,
adysec/top_1m_domains,data/readmes/adysec_top_1m_domains.md,
azkadev/oy,data/readmes/azkadev_oy.md,
842549829/Panda,data/readmes/842549829_Panda.md,
azkadev/demo_telegram_bot,data/readmes/azkadev_demo_telegram_bot.md,
azkadev/menfess_telegram_bot_dart,data/readmes/azkadev_menfess_telegram_bot_dart.md,
Enndfp/simple-framework,data/readmes/Enndfp_simple-framework.md,
HugoWw/x_apiserver,data/readmes/HugoWw_x_apiserver.md,
azkadev/AzkaOs,data/readmes/azkadev_AzkaOs.md,
azkadev/supabase_client,data/readmes/azkadev_supabase_client.md,
azkadev/telegram_cli,data/readmes/azkadev_telegram_cli.md,
NatroTeam/NatroMacro,data/readmes/NatroTeam_NatroMacro.md,
azkadev/packagex,data/readmes/azkadev_packagex.md,
azkadev/codespaces,data/readmes/azkadev_codespaces.md,
OpenGithubs/github-weekly-rank,data/readmes/OpenGithubs_github-weekly-rank.md,
azkadev/local_ai_app_gratis,data/readmes/azkadev_local_ai_app_gratis.md,
azkadev/ubuntu-azkadev-theme,data/readmes/azkadev_ubuntu-azkadev-theme.md,
CN-annotation-team/leveldb-chinese-annotated,data/readmes/CN-annotation-team_leveldb-chinese-annotated.md,
azkadev/products_telegram_bot_ai,data/readmes/azkadev_products_telegram_bot_ai.md,
azkadev/telegram_userbot_dart,data/readmes/azkadev_telegram_userbot_dart.md,
azkadev/code_shot_flutter,data/readmes/azkadev_code_shot_flutter.md,
azkadev/zig_cheatsheet,data/readmes/azkadev_zig_cheatsheet.md,
sourcenetwork/defradb,data/readmes/sourcenetwork_defradb.md,
Honeypot-Token-Developer/how-to-create-honeypot-token,data/readmes/Honeypot-Token-Developer_how-to-create-honeypot-token.md,
azkadev/specta_apis_scheme,data/readmes/azkadev_specta_apis_scheme.md,
azkadev/window,data/readmes/azkadev_window.md,
azkadev/azkagram,data/readmes/azkadev_azkagram.md,
ThisIsSahaj/ThisIsSahaj1,data/readmes/ThisIsSahaj_ThisIsSahaj1.md,
azkadev/isar_inspector,data/readmes/azkadev_isar_inspector.md,
iangellove/Omega-AI,data/readmes/iangellove_Omega-AI.md,
faketarek/Neptune,data/readmes/faketarek_Neptune.md,
azkadev/llama,data/readmes/azkadev_llama.md,
azkadev/telegram_bot_keep_dart,data/readmes/azkadev_telegram_bot_keep_dart.md,
joaokristani/Discord-Server-Cloner-2x,data/readmes/joaokristani_Discord-Server-Cloner-2x.md,
azkadev/glx_lib.cpp,data/readmes/azkadev_glx_lib.cpp.md,
huchao1009/cache-best-practice,data/readmes/huchao1009_cache-best-practice.md,
azkadev/record_widget,data/readmes/azkadev_record_widget.md,
jasur-2902/PostureDetection,data/readmes/jasur-2902_PostureDetection.md,
Illusionna/LocalTransfer,data/readmes/Illusionna_LocalTransfer.md,
azkadev/baas,data/readmes/azkadev_baas.md,
deoiskn/SAPPHlRE-PIugin-2024-fuII,data/readmes/deoiskn_SAPPHlRE-PIugin-2024-fuII.md,
azkadev/xendit,data/readmes/azkadev_xendit.md,
ScriptMastermindcl3/create-honeypot-token,data/readmes/ScriptMastermindcl3_create-honeypot-token.md,
azkadev/twitter_auto_post_bot_dart,data/readmes/azkadev_twitter_auto_post_bot_dart.md,
azkadev/termux,data/readmes/azkadev_termux.md,
openex-network/oex,data/readmes/openex-network_oex.md,
paidwork/solana-api,data/readmes/paidwork_solana-api.md,
azkadev/game,data/readmes/azkadev_game.md,
jialuechen/llmbroker,data/readmes/jialuechen_llmbroker.md,
azkadev/dart_vercel,data/readmes/azkadev_dart_vercel.md,
MiniAiLive/FaceRecognition-LivenessDetection,data/readmes/MiniAiLive_FaceRecognition-LivenessDetection.md,
AmirHosseinBabaeayan/Python2021,data/readmes/AmirHosseinBabaeayan_Python2021.md,
X-PLUG/mPLUG-DocOwl,data/readmes/X-PLUG_mPLUG-DocOwl.md,
wb-08/PokerVision,data/readmes/wb-08_PokerVision.md,
adysec/h1_asset,data/readmes/adysec_h1_asset.md,
oceanbase/ob-operator,data/readmes/oceanbase_ob-operator.md,
Dough-su/nepu_course,data/readmes/Dough-su_nepu_course.md,
BINANCECONTRACT/Create-BEP20-Meme-Token,data/readmes/BINANCECONTRACT_Create-BEP20-Meme-Token.md,
FOSSEE/FSF-mathematics-python-code-archive,data/readmes/FOSSEE_FSF-mathematics-python-code-archive.md,
reysonbarros/LINUXtips-giropops-senhas,data/readmes/reysonbarros_LINUXtips-giropops-senhas.md,
jasonsoft/nestjs-seq,data/readmes/jasonsoft_nestjs-seq.md,
azkadev/tdlib_android,data/readmes/azkadev_tdlib_android.md,
scrapy/loginform,data/readmes/scrapy_loginform.md,
codematrixer/icertools,data/readmes/codematrixer_icertools.md,
NexaAI/Awesome-LLMs-on-device,data/readmes/NexaAI_Awesome-LLMs-on-device.md,
aqvaspirt/seoskillmap,data/readmes/aqvaspirt_seoskillmap.md,
azkadev/coinlox_miner,data/readmes/azkadev_coinlox_miner.md,
thuiar/GNN-GBDT-Guided-Fast-Optimizing-Framework,data/readmes/thuiar_GNN-GBDT-Guided-Fast-Optimizing-Framework.md,
opensourcewebsite-org/opensourcewebsite-org,data/readmes/opensourcewebsite-org_opensourcewebsite-org.md,
rahulkrishy/black-myth-modmenu,data/readmes/rahulkrishy_black-myth-modmenu.md,
OceannTwT/ra-isf,data/readmes/OceannTwT_ra-isf.md,
adysec/cf-mirror,data/readmes/adysec_cf-mirror.md,
FaceOnLive/Face-Attendance-App-Flutter,data/readmes/FaceOnLive_Face-Attendance-App-Flutter.md,
azkadev/telegraph,data/readmes/azkadev_telegraph.md,
FaceOnLive/Mask-Face-Attendance-App-Flutter,data/readmes/FaceOnLive_Mask-Face-Attendance-App-Flutter.md,
TrashUwU/PokeAssistant,data/readmes/TrashUwU_PokeAssistant.md,
renoyuan/easyofd,data/readmes/renoyuan_easyofd.md,
OpenGithubs/github-newly-rank,data/readmes/OpenGithubs_github-newly-rank.md,
AKB2184/project_pertama_akbar,data/readmes/AKB2184_project_pertama_akbar.md,
Matthew0wolf/Oracle-Spoofer-v2.3,data/readmes/Matthew0wolf_Oracle-Spoofer-v2.3.md,
DevKally/DevKally1,data/readmes/DevKally_DevKally1.md,
azkadev/github_client,data/readmes/azkadev_github_client.md,
MmCopyMemory/mbr-overwrite,data/readmes/MmCopyMemory_mbr-overwrite.md,
oxylabs/how-to-scrape-google-images,data/readmes/oxylabs_how-to-scrape-google-images.md,
difizen/libro,data/readmes/difizen_libro.md,
jialuechen/shogunfolio,data/readmes/jialuechen_shogunfolio.md,
RiemaLabs/modular-indexer-committee,data/readmes/RiemaLabs_modular-indexer-committee.md,
azkadev/websocket_dart,data/readmes/azkadev_websocket_dart.md,
azkadev/webify,data/readmes/azkadev_webify.md,
chenyirui/GIM,data/readmes/chenyirui_GIM.md,
rabetofficial/rabet-extension,data/readmes/rabetofficial_rabet-extension.md,
azkadev/azkadev_app,data/readmes/azkadev_azkadev_app.md,
360CVGroup/FancyVideo,data/readmes/360CVGroup_FancyVideo.md,
TeddyCSoftware/DEX-JavaScript-Front-Running-Bot-V4-TeddyCSoftware,data/readmes/TeddyCSoftware_DEX-JavaScript-Front-Running-Bot-V4-TeddyCSoftware.md,
snailpt/CTNet,data/readmes/snailpt_CTNet.md,
ArvinFox/V00D-Mods,data/readmes/ArvinFox_V00D-Mods.md,
indicium-ag/rsult,data/readmes/indicium-ag_rsult.md,
kwuking/TimeMixer,data/readmes/kwuking_TimeMixer.md,
dymproject/purest-admin,data/readmes/dymproject_purest-admin.md,
Steamgjk/Nezha,data/readmes/Steamgjk_Nezha.md,
day-day-dreamer/threejs-learning,data/readmes/day-day-dreamer_threejs-learning.md,
google-gemini/cookbook,data/readmes/google-gemini_cookbook.md,
Gabri3l67/Trading-View-free,data/readmes/Gabri3l67_Trading-View-free.md,
StuxxNet/pick-esquenta,data/readmes/StuxxNet_pick-esquenta.md,
nodelrd/ChatGPT-Next-Web-PLUS,data/readmes/nodelrd_ChatGPT-Next-Web-PLUS.md,
Stock-Fund/XCrawler,data/readmes/Stock-Fund_XCrawler.md,
BINANCECONTRACT/How-to-Create-BEP20-Token,data/readmes/BINANCECONTRACT_How-to-Create-BEP20-Token.md,
alinerhanny/entendendo-o-autismo,data/readmes/alinerhanny_entendendo-o-autismo.md,
symfony-orchestra/view-bundle,data/readmes/symfony-orchestra_view-bundle.md,
wb04307201/loader-util,data/readmes/wb04307201_loader-util.md,
ZackRedmanX/DEX-Triangular-Arbitrage-Bot-V4-ZackRedmanX,data/readmes/ZackRedmanX_DEX-Triangular-Arbitrage-Bot-V4-ZackRedmanX.md,
ZTFtrue/MonsterMusic,data/readmes/ZTFtrue_MonsterMusic.md,
tenup-coin/TenUp,data/readmes/tenup-coin_TenUp.md,
zk1556/TinyRedis_RPC,data/readmes/zk1556_TinyRedis_RPC.md,
hitsz-ids/SQLAgent,data/readmes/hitsz-ids_SQLAgent.md,
854771076/Employment_referral,data/readmes/854771076_Employment_referral.md,
SpheroidUniverse/SpheroidScript,data/readmes/SpheroidUniverse_SpheroidScript.md,
azkadev/jsonview,data/readmes/azkadev_jsonview.md,
LeoCui26/Postgraduate-Interview-Question-Assistant,data/readmes/LeoCui26_Postgraduate-Interview-Question-Assistant.md,
dekrypted/discord-image-logger,data/readmes/dekrypted_discord-image-logger.md,
insight-chain/inb-go,data/readmes/insight-chain_inb-go.md,
in1nit1t/uniref,data/readmes/in1nit1t_uniref.md,
wvit/web-document,data/readmes/wvit_web-document.md,
nburmi/doc2plan,data/readmes/nburmi_doc2plan.md,
lzz19980125/awesome-time-series-segmentation-papers,data/readmes/lzz19980125_awesome-time-series-segmentation-papers.md,
azkadev/dart_cheatsheet,data/readmes/azkadev_dart_cheatsheet.md,
azkadev/jaseb_userbot_telegram,data/readmes/azkadev_jaseb_userbot_telegram.md,
oxylabs/youtube-scraper,data/readmes/oxylabs_youtube-scraper.md,
IntelCoreI6/gmail-suffix-generator,data/readmes/IntelCoreI6_gmail-suffix-generator.md,
jiaxiangc/ComfyUI-ResAdapter,data/readmes/jiaxiangc_ComfyUI-ResAdapter.md,
HAL-42/AlchemyCat,data/readmes/HAL-42_AlchemyCat.md,
wb04307201/file-preview-spring-boot-starter,data/readmes/wb04307201_file-preview-spring-boot-starter.md,
hwanhuh/Radiance-Fields-from-VGGSfM-Mast3r,data/readmes/hwanhuh_Radiance-Fields-from-VGGSfM-Mast3r.md,
therealgliz/blooket-hacks,data/readmes/therealgliz_blooket-hacks.md,
chenzhen7/cz-blog,data/readmes/chenzhen7_cz-blog.md,
BINANCECONTRACT/BSC-Contract,data/readmes/BINANCECONTRACT_BSC-Contract.md,
heldplayer/komidabot-docker,data/readmes/heldplayer_komidabot-docker.md,
softstack/telegram-mini-app,data/readmes/softstack_telegram-mini-app.md,
XJ-Up/quickupload,data/readmes/XJ-Up_quickupload.md,
semanser/codel,data/readmes/semanser_codel.md,
Faceplugin-ltd/FaceLivenessDetection-Android,data/readmes/Faceplugin-ltd_FaceLivenessDetection-Android.md,
onresize/web-blogs,data/readmes/onresize_web-blogs.md,
Wilson-ZheLin/Streamline-Analyst,data/readmes/Wilson-ZheLin_Streamline-Analyst.md,
Meeds-io/meeds,data/readmes/Meeds-io_meeds.md,
LiuXianJing/IMS,data/readmes/LiuXianJing_IMS.md,
sayaarcodes/pokefier,data/readmes/sayaarcodes_pokefier.md,
vityabamacegora/carding-sites,data/readmes/vityabamacegora_carding-sites.md,
oxylabs/aliexpress-scraper,data/readmes/oxylabs_aliexpress-scraper.md,
UniqueNetwork/unique_docs,data/readmes/UniqueNetwork_unique_docs.md,
azkadev/stable_diffusion,data/readmes/azkadev_stable_diffusion.md,
029danio/fly,data/readmes/029danio_fly.md,
duxweb/duxcms,data/readmes/duxweb_duxcms.md,
UlionTse/mlgb,data/readmes/UlionTse_mlgb.md,
qi4L/JYso,data/readmes/qi4L_JYso.md,
azkadev/tgs,data/readmes/azkadev_tgs.md,
TommySanKay/tommysankay-DEX-Triangular-Arbitrage-Bot-V4,data/readmes/TommySanKay_tommysankay-DEX-Triangular-Arbitrage-Bot-V4.md,
OpenInterpreter/01,data/readmes/OpenInterpreter_01.md,
jiawanlong/cesium-three-demos,data/readmes/jiawanlong_cesium-three-demos.md,
OpenCSGs/CSGHub,data/readmes/OpenCSGs_CSGHub.md,
OpenGithubs/github-monthly-rank,data/readmes/OpenGithubs_github-monthly-rank.md,
K-7H7l/Jeecg_Tools,data/readmes/K-7H7l_Jeecg_Tools.md,
azkadev/apps-script-lib,data/readmes/azkadev_apps-script-lib.md,
fl1906/music-city,data/readmes/fl1906_music-city.md,
developersdigest/llm-answer-engine,data/readmes/developersdigest_llm-answer-engine.md,
AlteredSecurity/Disable-TamperProtection,data/readmes/AlteredSecurity_Disable-TamperProtection.md,
Cinnamon/kotaemon,data/readmes/Cinnamon_kotaemon.md,
azkadev/speed_code_flutter,data/readmes/azkadev_speed_code_flutter.md,
azkadev/tcpsocket_dart,data/readmes/azkadev_tcpsocket_dart.md,
adysec/wechat_sqlite,data/readmes/adysec_wechat_sqlite.md,
baron-chain/baron-wallet,data/readmes/baron-chain_baron-wallet.md,
azkadev/specta,data/readmes/azkadev_specta.md,
azkadev/jasa_developer,data/readmes/azkadev_jasa_developer.md,
liberu-genealogy/genealogy-laravel,data/readmes/liberu-genealogy_genealogy-laravel.md,
limuloo/MIGC,data/readmes/limuloo_MIGC.md,
utnet-org/utility,data/readmes/utnet-org_utility.md,
kaidadnd/Revolt,data/readmes/kaidadnd_Revolt.md,
lazyFrogLOL/llmdocparser,data/readmes/lazyFrogLOL_llmdocparser.md,
azkadev/lego,data/readmes/azkadev_lego.md,
azkadev/webview_universal,data/readmes/azkadev_webview_universal.md,
azkadev/neofetch,data/readmes/azkadev_neofetch.md,
azkadev/emulator,data/readmes/azkadev_emulator.md,
dingodb/dingo,data/readmes/dingodb_dingo.md,
shenjingwaa/relax,data/readmes/shenjingwaa_relax.md,
xszyou/Fay,data/readmes/xszyou_Fay.md,
codefuse-ai/CodeFuse-ModelCache,data/readmes/codefuse-ai_CodeFuse-ModelCache.md,
Nanomoa/CozeDiscord,data/readmes/Nanomoa_CozeDiscord.md,
LazyAGI/LazyLLM,data/readmes/LazyAGI_LazyLLM.md,
fofr/cog-face-to-many,data/readmes/fofr_cog-face-to-many.md,
matter-labs/zksync-lite-docs,data/readmes/matter-labs_zksync-lite-docs.md,
Pointcept/GPT4Point,data/readmes/Pointcept_GPT4Point.md,
3DAgentWorld/Toolkit-for-Prompt-Compression,data/readmes/3DAgentWorld_Toolkit-for-Prompt-Compression.md,
azkadev/onnxruntime.cpp,data/readmes/azkadev_onnxruntime.cpp.md,
herche-jane/IntelliScraper,data/readmes/herche-jane_IntelliScraper.md,
OpenGithubs/github-daily-rank,data/readmes/OpenGithubs_github-daily-rank.md,
azkadev/whatsapp,data/readmes/azkadev_whatsapp.md,
sunkafei/xcpc-algorithm-templates,data/readmes/sunkafei_xcpc-algorithm-templates.md,
xames3/learn,data/readmes/xames3_learn.md,
baimingxuan/vue3-admin-design,data/readmes/baimingxuan_vue3-admin-design.md,
passivestar/godot-minimal-theme,data/readmes/passivestar_godot-minimal-theme.md,
FoundationVision/Groma,data/readmes/FoundationVision_Groma.md,
fudan-generative-vision/champ,data/readmes/fudan-generative-vision_champ.md,
holochain/holochain-proto,data/readmes/holochain_holochain-proto.md,
azkadev/youtube,data/readmes/azkadev_youtube.md,
mewzax/Discord-RPC-Selfbot,data/readmes/mewzax_Discord-RPC-Selfbot.md,
khederkasem/solrunner-solana-frontrun,data/readmes/khederkasem_solrunner-solana-frontrun.md,
DosX-dev/PE-LiteScan,data/readmes/DosX-dev_PE-LiteScan.md,
pengweizhong/dynamic-sql,data/readmes/pengweizhong_dynamic-sql.md,
0xEr3bus/RdpStrike,data/readmes/0xEr3bus_RdpStrike.md,
Joystream/joystream,data/readmes/Joystream_joystream.md,
facebookresearch/vggsfm,data/readmes/facebookresearch_vggsfm.md,
adysec/IP_database,data/readmes/adysec_IP_database.md,
smartyfh/LLM-Uncertainty-Bench,data/readmes/smartyfh_LLM-Uncertainty-Bench.md,
uuu555552/ptocode,data/readmes/uuu555552_ptocode.md,
hoorayman/popple,data/readmes/hoorayman_popple.md,
Faceplugin-ltd/FaceRecognition-LivenessDetection-Android,data/readmes/Faceplugin-ltd_FaceRecognition-LivenessDetection-Android.md,
TMElyralab/MuseV,data/readmes/TMElyralab_MuseV.md,
KindlingProject/kindling,data/readmes/KindlingProject_kindling.md,
chinapandaman/PyPDFForm,data/readmes/chinapandaman_PyPDFForm.md,
oxylabs/Python-Web-Scraping-Tutorial,data/readmes/oxylabs_Python-Web-Scraping-Tutorial.md,
Diatessaron/finder,data/readmes/Diatessaron_finder.md,
azkadev/flutter_templates,data/readmes/azkadev_flutter_templates.md,
xrli-U/MuSc,data/readmes/xrli-U_MuSc.md,
adysec/ARL,data/readmes/adysec_ARL.md,
hitsz-ids/synthetic-data-generator,data/readmes/hitsz-ids_synthetic-data-generator.md,
sfx101/docker-stacks,data/readmes/sfx101_docker-stacks.md,
GeneralLibrary/GeneralUpdate,data/readmes/GeneralLibrary_GeneralUpdate.md,
JetXu-LLM/llama-github,data/readmes/JetXu-LLM_llama-github.md,
manumerous/vpselector,data/readmes/manumerous_vpselector.md,
lyr408/Hotfix,data/readmes/lyr408_Hotfix.md,
rookie-luochao/openapi-ui,data/readmes/rookie-luochao_openapi-ui.md,
somta/Juggle,data/readmes/somta_Juggle.md,
base-org/op-viem,data/readmes/base-org_op-viem.md,
andreottohst/jupiter-token-sniper-solana-sniper-bot,data/readmes/andreottohst_jupiter-token-sniper-solana-sniper-bot.md,
thecraftman/Deploy-a-NLP-Similarity-API-using-Docker,data/readmes/thecraftman_Deploy-a-NLP-Similarity-API-using-Docker.md,
yevh/TaaC-AI,data/readmes/yevh_TaaC-AI.md,
ali-vilab/Infusion,data/readmes/ali-vilab_Infusion.md,
taqui-786/mixcnui,data/readmes/taqui-786_mixcnui.md,
SuperTux/supertux,data/readmes/SuperTux_supertux.md,
drl990114/MarkFlowy,data/readmes/drl990114_MarkFlowy.md,
Imran407704/Learn365,data/readmes/Imran407704_Learn365.md,
YangXuanyi/Multi-Agent-GPT,data/readmes/YangXuanyi_Multi-Agent-GPT.md,
innovaccion-virtual/onboarding-github-innovaccion,data/readmes/innovaccion-virtual_onboarding-github-innovaccion.md,
yizhen20133868/Awesome-SLU-Survey,data/readmes/yizhen20133868_Awesome-SLU-Survey.md,
sm1ck/layerzero-aptos,data/readmes/sm1ck_layerzero-aptos.md,
iepn/tsing-font,data/readmes/iepn_tsing-font.md,
SlimeKnights/Mantle,data/readmes/SlimeKnights_Mantle.md,
Faker-lz/Topic_and_user_profile_analysis_system,data/readmes/Faker-lz_Topic_and_user_profile_analysis_system.md,
oceanbase/odc,data/readmes/oceanbase_odc.md,
gaerae/awesome-algorithms-education,data/readmes/gaerae_awesome-algorithms-education.md,
modelscope/3D-Speaker,data/readmes/modelscope_3D-Speaker.md,
VPN-tuijian/Airport_VPN_monthly,data/readmes/VPN-tuijian_Airport_VPN_monthly.md,
FaceOnLive/OpenKYC,data/readmes/FaceOnLive_OpenKYC.md,
CodingChallengesFYI/SharedSolutions,data/readmes/CodingChallengesFYI_SharedSolutions.md,
ComposioHQ/composio,data/readmes/ComposioHQ_composio.md,
ndyjan1337/Cheatarchive,data/readmes/ndyjan1337_Cheatarchive.md,
manujajay/machinelearning4finance,data/readmes/manujajay_machinelearning4finance.md,
manujajay/portfolio-optimize,data/readmes/manujajay_portfolio-optimize.md,
AstarNetwork/astar-docs,data/readmes/AstarNetwork_astar-docs.md,
matter-labs/l2-intro-pre-ethdenver,data/readmes/matter-labs_l2-intro-pre-ethdenver.md,
yixiu001/serv00-login,data/readmes/yixiu001_serv00-login.md,
BearAnBull/Pancakeswap-Prediction-Winningbot,data/readmes/BearAnBull_Pancakeswap-Prediction-Winningbot.md,
EvolvingLMMs-Lab/lmms-eval,data/readmes/EvolvingLMMs-Lab_lmms-eval.md,
Tele-AI/Telechat,data/readmes/Tele-AI_Telechat.md,
mgtv-tech/jetcache-go,data/readmes/mgtv-tech_jetcache-go.md,
jushahulian/java-go-python,data/readmes/jushahulian_java-go-python.md,
fluencelabs/nox,data/readmes/fluencelabs_nox.md,
valor-x/hexo-theme-solitude,data/readmes/valor-x_hexo-theme-solitude.md,
lxtGH/OMG-Seg,data/readmes/lxtGH_OMG-Seg.md,
harmony-one/harmony,data/readmes/harmony-one_harmony.md,
hugo-fixit/FixIt,data/readmes/hugo-fixit_FixIt.md,
datawithdanny/sql-masterclass,data/readmes/datawithdanny_sql-masterclass.md,
base-org/withdrawer,data/readmes/base-org_withdrawer.md,
DosX-dev/TinySnake-game,data/readmes/DosX-dev_TinySnake-game.md,
kosaka-bun/honoka-sdk,data/readmes/kosaka-bun_honoka-sdk.md,
gmission/gmission,data/readmes/gmission_gmission.md,
childrentime/reactuse,data/readmes/childrentime_reactuse.md,
matter-labs/hardhat-zksync,data/readmes/matter-labs_hardhat-zksync.md,
abess-team/skscope,data/readmes/abess-team_skscope.md,
veasion/aippt,data/readmes/veasion_aippt.md,
ZpokenWeb3/zk-light-client-implementation,data/readmes/ZpokenWeb3_zk-light-client-implementation.md,
Adamant-im/adamant-currencyinfo-services,data/readmes/Adamant-im_adamant-currencyinfo-services.md,
DosX-dev/MemCleaner,data/readmes/DosX-dev_MemCleaner.md,
TorchEnsemble-Community/Ensemble-Pytorch,data/readmes/TorchEnsemble-Community_Ensemble-Pytorch.md,
harambeai/Harambe-AI-Token,data/readmes/harambeai_Harambe-AI-Token.md,
xuchengsheng/wx-dump-4j,data/readmes/xuchengsheng_wx-dump-4j.md,
LLOneBot/LLOneBot,data/readmes/LLOneBot_LLOneBot.md,
AlfredXiangWu/LightCNN,data/readmes/AlfredXiangWu_LightCNN.md,
joshpxyne/gpt-migrate,data/readmes/joshpxyne_gpt-migrate.md,
AnonymousAAArdvark/qi,data/readmes/AnonymousAAArdvark_qi.md,
adysec/nuclei_poc,data/readmes/adysec_nuclei_poc.md,
wangzhaode/mnn-llm,data/readmes/wangzhaode_mnn-llm.md,
InternLM/agentlego,data/readmes/InternLM_agentlego.md,
ischenliang/quickly-picture-bed,data/readmes/ischenliang_quickly-picture-bed.md,
agamm/awesome-developer-first,data/readmes/agamm_awesome-developer-first.md,
InternLM/Agent-FLAN,data/readmes/InternLM_Agent-FLAN.md,
FaceOnLive/Face-Liveness-Detection-SDK-Linux,data/readmes/FaceOnLive_Face-Liveness-Detection-SDK-Linux.md,
ml444/gkit,data/readmes/ml444_gkit.md,
zksync-sdk/zksync2-python,data/readmes/zksync-sdk_zksync2-python.md,
NibiruChain/nibiru,data/readmes/NibiruChain_nibiru.md,
DL3DV-10K/Dataset,data/readmes/DL3DV-10K_Dataset.md,
AleoHQ/aleo-education,data/readmes/AleoHQ_aleo-education.md,
matter-labs/zksync-wallet-vue,data/readmes/matter-labs_zksync-wallet-vue.md,
ChinaRan0/BlueTeamTools,data/readmes/ChinaRan0_BlueTeamTools.md,
AleoHQ/ARCs,data/readmes/AleoHQ_ARCs.md,
zaivanza/layerzero_tx_checker,data/readmes/zaivanza_layerzero_tx_checker.md,
microsoft/ClimaX,data/readmes/microsoft_ClimaX.md,
bifrost-finance/bifrost,data/readmes/bifrost-finance_bifrost.md,
InternLM/InternLM-Math,data/readmes/InternLM_InternLM-Math.md,
holochain/holochain,data/readmes/holochain_holochain.md,
AnyLifeZLB/FaceVerificationSDK,data/readmes/AnyLifeZLB_FaceVerificationSDK.md,
Adamant-im/adamant-notificationService,data/readmes/Adamant-im_adamant-notificationService.md,
starknet-io/starknet.js,data/readmes/starknet-io_starknet.js.md,
Boeing/config-file-validator,data/readmes/Boeing_config-file-validator.md,
MiniAiLive/MiniAI-Face-Recognition-AndroidSDK,data/readmes/MiniAiLive_MiniAI-Face-Recognition-AndroidSDK.md,
zchoi/Awesome-Embodied-Agent-with-LLMs,data/readmes/zchoi_Awesome-Embodied-Agent-with-LLMs.md,
TrinityCore/WowPacketParser,data/readmes/TrinityCore_WowPacketParser.md,
mahdibland/V2RayAggregator,data/readmes/mahdibland_V2RayAggregator.md,
matter-labs/zksync-web-era-docs,data/readmes/matter-labs_zksync-web-era-docs.md,
Adamant-im/adamant-api-jsclient,data/readmes/Adamant-im_adamant-api-jsclient.md,
Adamant-im/adamant-2fa,data/readmes/Adamant-im_adamant-2fa.md,
Luhuanz/pytorch_project,data/readmes/Luhuanz_pytorch_project.md,
feiniaojin/graceful-response,data/readmes/feiniaojin_graceful-response.md,
Adamant-im/adamant-explorer,data/readmes/Adamant-im_adamant-explorer.md,
tatumio/tatum-js,data/readmes/tatumio_tatum-js.md,
DexSniping/DexSniping-BSC-ERC20-Telegram-Alerts,data/readmes/DexSniping_DexSniping-BSC-ERC20-Telegram-Alerts.md,
Adamant-im/adamant-exchangebot,data/readmes/Adamant-im_adamant-exchangebot.md,
4ian/GDevelop,data/readmes/4ian_GDevelop.md,
jmix-framework/jmix,data/readmes/jmix-framework_jmix.md,
arpit20adlakha/Computer-Science-Papers-For-System-Design,data/readmes/arpit20adlakha_Computer-Science-Papers-For-System-Design.md,
Adamant-im/adamant-console,data/readmes/Adamant-im_adamant-console.md,
lastmile-ai/aiconfig,data/readmes/lastmile-ai_aiconfig.md,
Orillusion/orillusion,data/readmes/Orillusion_orillusion.md,
bagisto/opensource-ecommerce-mobile-app,data/readmes/bagisto_opensource-ecommerce-mobile-app.md,
docker/roadmap,data/readmes/docker_roadmap.md,
aws-samples/claude-prompt-generator,data/readmes/aws-samples_claude-prompt-generator.md,
FutureUniant/Tailor,data/readmes/FutureUniant_Tailor.md,
Adamant-im/pool,data/readmes/Adamant-im_pool.md,
holochain/holochain-rust,data/readmes/holochain_holochain-rust.md,
max32002/tixcraft_bot,data/readmes/max32002_tixcraft_bot.md,
stellar/soroban-example-dapp,data/readmes/stellar_soroban-example-dapp.md,
gvwilson/sql-tutorial,data/readmes/gvwilson_sql-tutorial.md,
howardwu/awesome-aleo,data/readmes/howardwu_awesome-aleo.md,
google-deepmind/deepmind-research,data/readmes/google-deepmind_deepmind-research.md,
gaarason/database-all,data/readmes/gaarason_database-all.md,
coells/100days,data/readmes/coells_100days.md,
DosX-dev/obfus.h,data/readmes/DosX-dev_obfus.h.md,
Adamant-im/adamant-tradebot,data/readmes/Adamant-im_adamant-tradebot.md,
ethstorage/es-node,data/readmes/ethstorage_es-node.md,
Adamant-im/ETH-transactions-storage,data/readmes/Adamant-im_ETH-transactions-storage.md,
Wilfred/difftastic,data/readmes/Wilfred_difftastic.md,
opendatalab/WanJuan1.0,data/readmes/opendatalab_WanJuan1.0.md,
