github,name
Alcumus/react-doc-viewer,abizukraine
Androz2091/discord-player,mystic-steve
Azure/azure-iot-sdk-node,seheebyun
Azure/azure-sdk-for-js,patricklawer
Azure/azure-sdk-for-js,aleks65k
Azure/azure-sdk-for-js,FefoAljedani
Azure/azure-sdk-for-js,Ilyesovic
Azure/azure-sdk-for-js,NithinDamodar
Azure/azure-sdk-for-js,monzter2
Azure/azure-sdk-for-js,Flamur15
Azure/azure-sdk-for-js,Badman102
Azure/azure-sdk-for-js,woohokin
Azure/azure-sdk-for-js,seheebyun
BitGo/BitGoJS,sammysossa65
CreateJS/TweenJS,uyi76tu756tr
Decathlon/vitamin-web,Arkramax
DefinitelyTyped/DefinitelyTyped,tinarenee
DefinitelyTyped/DefinitelyTyped,witals77
DefinitelyTyped/DefinitelyTyped,valeria-krivets
DefinitelyTyped/DefinitelyTyped,vantung296simp
DefinitelyTyped/DefinitelyTyped,wgfreelandath
DefinitelyTyped/DefinitelyTyped,yasnogurska
DefinitelyTyped/DefinitelyTyped,to3X78c34kdeck
DefinitelyTyped/DefinitelyTyped,tucilly08
DefinitelyTyped/DefinitelyTyped,vartanova-elen
DefinitelyTyped/DefinitelyTyped,vova-halavkanos
DefinitelyTyped/DefinitelyTyped,textsasha39mas
DefinitelyTyped/DefinitelyTyped,tomywutoto
DefinitelyTyped/DefinitelyTyped,CybercrashD13
DefinitelyTyped/DefinitelyTyped,umd-bulldogschron
DefinitelyTyped/DefinitelyTyped,yazilya-valmuhametovacount
DefinitelyTyped/DefinitelyTyped,tverdochlibksusha
DefinitelyTyped/DefinitelyTyped,Mohammeddf
DefinitelyTyped/DefinitelyTyped,tropics59
DefinitelyTyped/DefinitelyTyped,touph2000foy
DefinitelyTyped/DefinitelyTyped,538hgdgk
DefinitelyTyped/DefinitelyTyped,hazsoly
DefinitelyTyped/DefinitelyTyped,davids0714
DefinitelyTyped/DefinitelyTyped,alc321
DefinitelyTyped/DefinitelyTyped,toptyshka1
DefinitelyTyped/DefinitelyTyped,yhtapuk6
DefinitelyTyped/DefinitelyTyped,totowk85
DefinitelyTyped/DefinitelyTyped,vladimirqoysytu
DefinitelyTyped/DefinitelyTyped,yDtqo
DefinitelyTyped/DefinitelyTyped,tiunov-dimas
DefinitelyTyped/DefinitelyTyped,dadong0326
DefinitelyTyped/DefinitelyTyped,v-savelev
DefinitelyTyped/DefinitelyTyped,thaty-lost
DefinitelyTyped/DefinitelyTyped,Arsenbekk
DefinitelyTyped/DefinitelyTyped,theomtt
DefinitelyTyped/DefinitelyTyped,werry77
FormidableLabs/react-swipeable,Oliver22310
GoogleChrome/web-vitals,nhuhuynh102
KeesCBakker/Strongly-Typed-Events-for-TypeScript,toby-at-cyara
LedgerHQ/ledger-live,Pmax12
NG-ZORRO/ng-zorro-antd,JessReneeT1
NG-ZORRO/ng-zorro-antd,zhangduidui1227
NG-ZORRO/ng-zorro-antd,AniSweet
NG-ZORRO/ng-zorro-antd,Belgodd
NG-ZORRO/ng-zorro-antd,AB123457
NG-ZORRO/ng-zorro-antd,IsaacVersion
NG-ZORRO/ng-zorro-antd,kaliaymen
NervJS/taro,mcbridewar
NervJS/taro,ballardskinner
NervJS/taro,qingshanfengyucheng
NervJS/taro,sinkando
NervJS/taro,fenitudehe
NervJS/taro,bseyufopab
NervJS/taro,uoutlk-UgDAu
NervJS/taro,vltyldvhgdcg
NervJS/taro,valony123
NervJS/taro,uGrametall
NervJS/taro,briggscharles
NervJS/taro,lucanoe
NervJS/taro,FrancesForrest31
NervJS/taro,zhihua123
NervJS/taro,darwinlina
NervJS/taro,theproskater
NervJS/taro,murphybar
NervJS/taro,tenyfragate
NervJS/taro,dokung06
NervJS/taro,tjglot60
NervJS/taro,vasytka1juck
NervJS/taro,wordd2001
NervJS/taro,tishvikatrud
NervJS/taro,uyp6ok8w
NervJS/taro,twigstickley
NervJS/taro,yehia-youssef
NervJS/taro,teenyweenieking
NervJS/taro,vince1-99
NervJS/taro,tchr2go
NervJS/taro,xhelinx
NervJS/taro,uex20sxgit
NervJS/taro,yanchic1612
NervJS/taro,klivejo
NervJS/taro,tccer
NervJS/taro,Thanhhai1992
NervJS/taro,wiou01
NervJS/taro,Pcmnp46
ParvinEyvazov/json-translator,Phoenix0234
ParvinEyvazov/json-translator,Deeds16
Quenty/NevermoreEngine,AstreaLucis
SAP/spartacus,mkhmmh
SeleniumHQ/selenium-ide,HMaelzerLibelle
SeleniumHQ/selenium-ide,nirmalfdo1997
SeleniumHQ/selenium-ide,Tony-Dyson
SeleniumHQ/selenium-ide,macminiceiere
SeleniumHQ/selenium-ide,CyberDRD
Skyscanner/backpack,yorannnap
TryGhost/Ghost,ashikinoko
TryGhost/Ghost,thomasfbg
TryGhost/Ghost,wk99jras
TryGhost/Ghost,umidnewblack92tio
TryGhost/Ghost,tspring729tran
TryGhost/Ghost,w7zM7YipZ
TryGhost/Ghost,twity-catco
TryGhost/Ghost,tatianakhamzinachec
TryGhost/Ghost,RaffaeleT92
TryGhost/Ghost,elexirofhappenes
TryGhost/Ghost,starkertrek
TryGhost/Ghost,dmitriosko
TryGhost/Ghost,vakim85
TryGhost/Ghost,xokatie-33xo
TryGhost/Ghost,xxxmishganxxx
TryGhost/Ghost,pgmr-cloud
TryGhost/Ghost,AstroDoNuts
TryGhost/Ghost,wtf123411
TryGhost/Ghost,pianjinshen
TryGhost/Ghost,ufo-predator
TryGhost/Ghost,shizhu2136546
TryGhost/Ghost,shonaporta5
TryGhost/Ghost,bobobamboo
TryGhost/Ghost,Law911
TryGhost/Ghost,oirlicle
TryGhost/Ghost,noarctg
TryGhost/Ghost,Bigmickey05
TryGhost/Ghost,goveryui
TryGhost/Ghost,airlinesreservationteam
WordPress/gutenberg,rutinhan
WordPress/gutenberg,NatakornSila
WordPress/gutenberg,klaytucker
WordPress/gutenberg,pavelhopkins
WordPress/gutenberg,quynhyenf4f8
WordPress/gutenberg,phuonghuanj2too
WordPress/gutenberg,nhutysvr2
WordPress/gutenberg,thaoquynhim29
WordPress/gutenberg,diepvinhk0ym4
WordPress/gutenberg,kimgiap2yyz
WordPress/gutenberg,dinhloitev4g
WordPress/gutenberg,lienluuxkn1
WordPress/gutenberg,namhuejyn1
WordPress/gutenberg,duonganhr66o
WordPress/gutenberg,chucphonga5h6w
WordPress/gutenberg,quyenhungiwaut
WordPress/gutenberg,rokaskas123a
WordPress/gutenberg,xpoor30
WordPress/gutenberg,BWydra
WordPress/gutenberg,truongbee09
WordPress/gutenberg,evolink10
WordPress/gutenberg,Rohitmandal073
WordPress/gutenberg,Pedro72018
WordPress/gutenberg,Leonardobandeir
WordPress/gutenberg,VreniBrunner
WordPress/gutenberg,JaHardy
WordPress/gutenberg,gwsb2023
WordPress/gutenberg,Chathubale
WordPress/gutenberg,Ashif-Hossain
WordPress/gutenberg,sitoratosbaeva27
WordPress/gutenberg,Kbdzzq
WordPress/gutenberg,shaikhrahat849
WordPress/gutenberg,bobobamboo
WordPress/gutenberg,Francogrc
WordPress/gutenberg,aphep
WordPress/gutenberg,angelinkafil2355
WordPress/gutenberg,mob3050
WordPress/gutenberg,dmreduyan
WordPress/gutenberg,zineb442
WordPress/gutenberg,JKRashidov
WordPress/gutenberg,TRIO6X
WordPress/gutenberg,jpmolecules
WordPress/gutenberg,Coates2022
WordPress/gutenberg,Mikenk53
WordPress/gutenberg,TanSnvs
WordPress/gutenberg,Benjamin-Glover
WordPress/gutenberg,Iqbalahmad118
WordPress/gutenberg,ultra1stinct
WordPress/gutenberg,mdshamimbrp9
Workday/canvas-kit,moonlight-wd
Workday/canvas-kit,Charanvkrishna
Workday/canvas-kit,Diarmaidsc
achingbrain/it,dilanProz
adobe/react-spectrum,Matio123590
adobe/react-spectrum,HelloSety
adobe/react-spectrum,peratop
adobe/react-spectrum,Priyanshu9771
adobe/react-spectrum,CloudSeeding
adobe/react-spectrum,nidel3377
adobe/react-spectrum,Pedro72018
adobe/react-spectrum,Iqbalahmad118
adobe/react-spectrum,cardswarland
adobe/react-spectrum,QuotaKK
adobe/react-spectrum,mrzeeshan5amin
adobe/react-spectrum,cheesecof
adobe/react-spectrum,wastoogent
adobe/react-spectrum,Weravanuzuwi
adobe/react-spectrum,kristja1
adobe/react-spectrum,msc636
adobe/react-spectrum,sashabezines150884
adobe/react-spectrum,ameenadhusha
adobe/react-spectrum,ctfonlinefun
adobe/react-spectrum,smsnmanson
adobe/react-spectrum,Pabasara2003
adobe/react-spectrum,ABDUSALOM112
adobe/react-spectrum,Leonardobandeir
adobe/react-spectrum,Coldd1
adobe/spectrum-web-components,kishorenvvrmk
adrai/flowchart.js,Haneen669
adrai/flowchart.js,greatksi
adrai/flowchart.js,jauxxer
adrai/flowchart.js,t28hk
ag-grid/ag-grid,RonaldWi1son
ag-grid/ag-grid,faisalraza2121
ag-grid/ag-grid,Gilly2004
ag-grid/ag-grid,aidssort
ag-grid/ag-grid,RhondaHunter
ag-grid/ag-grid,KathyGates
ag-grid/ag-grid,paulmichaelscott
ag-grid/ag-grid,dmf4
ag-grid/ag-grid,simple00123
ag-grid/ag-grid,pp-pium
ag-grid/ag-grid,Abdirahmanomr
ag-grid/ag-grid,aguatsk2
ag-grid/ag-grid,JohnKirchneer
alibaba/designable,ggggggit
alibaba/ice,FaisalOntop
alibaba/ice,Emricx02
alibaba/ice,iceyoru
alibaba/ice,tlbc1023
alibaba/ice,Astrid-code
andpor/react-native-sqlite-storage,1220560852
angular/angular-cli,qhsjsjsbs
angular/angular-cli,elayso
angular/angular-cli,SeanApollonia
angular/angular-cli,vogyufeeva-1976
angular/angular-cli,mundodts
angular/angular-cli,docsilverlin
angular/angular-cli,meddkiki
angular/angular-cli,pulstreng
angular/angular-cli,ursteja
angular/angular-cli,BESTTEEN
angular/angular-cli,Babade1
angular/angular-cli,hassan-phi
angular/angular-cli,Jamie0605
angular/angular-cli,Radouane-SK
angular/angular-cli,wipzonelarisa98
angular/angular-cli,Chidera44
angular/angular-cli,is3469448599ui
angular/angular-cli,Strielc
angular/angular-cli,adamzouin
angular/angular-cli,Amged7716
angular/angular-cli,Cheri309
angular/angular-cli,94izhar
angular/angular-cli,Txniskk
angular/angular-cli,nuzucinenan
angular/angular-cli,dedieuu
angular/angular-cli,nallorei
angular/angular-cli,19ajinkya
angular/angular-cli,teggi01
angular/angular-cli,yailefa
angular/angular-cli,Hasan19090
angular/angular-cli,tinogejatiaha
angular/angular-cli,Ugureser
angus-c/just,Oliver22310
anseki/leader-line,leandrepoulin
anseki/leader-line,simondemai
antvis/L7,linxi13145
antvis/L7,Galina0621
antvis/L7,yanwei54536
antvis/L7,Thor5233
antvis/L7,DeadlyPoppy
antvis/g6,jasonCola
antvis/g6,Feruz618
antvis/g6,HiDenis
antvis/g6,sszssss
antvis/g6,hanahahahaha
antvis/g6,sweetpeterbear
antvis/g6,Liuxiaoshu520
antvis/g6,sunsir0
antvis/g6,twyqu
antvis/g6,Feifei6779
antvis/g6,zhang-jinlian
antvis/g6,haizao5255
antvis/x6,jqzhangii
antvis/x6,xiaogug
antvis/x6,jqzhanguu
antvis/x6,weihuw
antvis/x6,Moment-GSS
antvis/x6,e2hzaoex
antvis/x6,jauxxer
antvis/x6,JameyMartin
antvis/x6,fsyqqqq
antvis/x6,Rickyraya
antvis/x6,ffxnt
antvis/x6,mvvptwot
antvis/x6,ybhaaaa
aspecto-io/opentelemetry-ext-js,emanuelvolvo123
aws-amplify/amplify-cli,g1970ar0
aws-amplify/amplify-cli,berkjohn
aws/aws-cdk,ZuggerA8
aws/aws-cdk,campfirecoder3500
aws/aws-cdk,KailiangHammar
aws/aws-cdk,Pbabyjet
aws/aws-cdk,mebanewsde
aws/aws-cdk,Taabs123
aws/aws-cdk,funnysarwer
aws/aws-sdk-js-v3,Rikardodgtx
aws/aws-sdk-js-v3,Symubi
aws/awsui-documentation,SilkySmooth6
axa-group/nlp.js,WDGG7409
axa-group/nlp.js,natthawut-ya
axa-group/nlp.js,Abdiselammuktar
axa-group/nlp.js,brendarochha
babel/babel,tuzya-ponya
babel/babel,erzomaniatico
babel/babel,trudzawm
babel/babel,nghiadinhdev
babel/babel,whmbdramaqueen
babel/babel,yf4huz
babel/babel,nguoidamau
babel/babel,teenpinkvideos
babel/babel,CodeFairy215
babel/babel,veecthorayzay
babel/babel,thizogbi
babel/babel,tihan-aldangold
babel/babel,vitekselitskii
babel/babel,vzcjvzxmperp
babel/babel,victorvtixin
babel/babel,trav802out
babel/babel,vicky-115clob
babel/babel,wa1235
babel/babel,watchr11
babel/babel,vendetta91088coa
babel/babel,xont-tr5
babel/babel,warpdogok
backstage/backstage,tratatak2
backstage/backstage,krigroni
backstage/backstage,ALMIGHTY1GODSofTHEuniverse
backstage/backstage,voin7912
backstage/backstage,Faridsfrv
backstage/backstage,gdinicola-qualtrics
backstage/backstage,reneebay
backstage/backstage,simon-schork
backstage/backstage,1104grs
backstage/backstage,kjaggi1
backstage/backstage,gnausch
backstage/backstage,KaliifMumeg
backstage/backstage,mgomez1411
backstage/backstage,williamtknoxiv
backstage/backstage,vas8102
backstage/backstage,Ninattang
backstage/backstage,ninatara
backstage/backstage,ukropov2009
backstage/backstage,tomwil69vern
backstage/backstage,viktorakov
backstage/backstage,Zacarias1992
backstage/backstage,Dyude01
backstage/backstage,tra-ta-tarik
backstage/backstage,tejaskumar007
backstage/backstage,Pranav8793
bevry/projectz,Peoplebelievewhattheysee
bevry/projectz,Dezzydez69
blakeembrey/change-case,nguoidamau
buildo/react-autosize-textarea,1220560852
caolan/async,wyltn321psych
caolan/async,uxo19951994
caolan/async,tomt13dloy
caolan/async,vovann-masterrr
caolan/async,ustas1973lay
caolan/async,titoleg181068
caolan/async,uetahi420
caolan/async,valex67
caolan/async,toolboy12
caolan/async,venediktofyny
caolan/async,valit27
caolan/async,vilifil
caolan/async,tigr-gol17
caolan/async,wolfpack15
caolan/async,taskinnikolaiit
caolan/async,wrmilleriv
caolan/async,thedaddi
caolan/async,ti-inna-r
caolan/async,vegas-taxi
caolan/async,vanuk777war
caolan/async,tunedupforubrow
caolan/async,tkvas
caolan/async,tema-rambov
caolan/async,tarusova-tatyanaria
caolan/async,u-xsiteme
caolan/async,uluqa
caolan/async,winslet04
caolan/async,ulechcalove
caolan/async,vza13852con
chakra-ui/chakra-ui,Thadboy
chakra-ui/chakra-ui,oguinn-bobo
chakra-ui/chakra-ui,Lokeshpatil1212
chakra-ui/chakra-ui,yrakam
chakra-ui/chakra-ui,BlackPurge16
chakra-ui/chakra-ui,5nomreH
chakra-ui/chakra-ui,Nendisaha
chakra-ui/chakra-ui,xylotymbou
chakra-ui/chakra-ui,uvp2504
chakra-ui/chakra-ui,ukilohfcfd
chakra-ui/chakra-ui,HEZABADMAN
chakra-ui/chakra-ui,ura99999
chakra-ui/chakra-ui,Ruler10123
chakra-ui/chakra-ui,MerlinRed95
chakra-ui/chakra-ui,roger-legman
chakra-ui/chakra-ui,wisokova
chakra-ui/chakra-ui,thud77
chakra-ui/chakra-ui,shetabFront
chakra-ui/chakra-ui,tolpan1
chakra-ui/chakra-ui,boradolee
chakra-ui/chakra-ui,vkutepova
chakra-ui/chakra-ui,uSrT27y5
chakra-ui/chakra-ui,vesna-nov
chakra-ui/chakra-ui,ykanakia
chakra-ui/chakra-ui,vivek-santhosh
chakra-ui/chakra-ui,vitalikfilchenkovsie
chakra-ui/chakra-ui,xdarkeyshotx
chakra-ui/chakra-ui,Maxiiimo16
chakra-ui/chakra-ui,tita-gel
chakra-ui/chakra-ui,trmchu
chakra-ui/chakra-ui,varenik091tof
chakra-ui/chakra-ui,vikivik2823lio
chakra-ui/chakra-ui,vaman48di
chakra-ui/chakra-ui,uELLIb
chakra-ui/chakra-ui,volos-lenaprok
chakra-ui/chakra-ui,tisho-97wild
chakra-ui/chakra-ui,viktory-retrogens
chakra-ui/chakra-ui,uwbone62
chakra-ui/chakra-ui,vile-john
chakra-ui/chakra-ui,taterrman87
chakra-ui/chakra-ui,Ziad180
chakra-ui/chakra-ui,triplex-glassverb
chakra-ui/chakra-ui,lanmengma
chakra-ui/chakra-ui,fucrum
chakra-ui/chakra-ui,rlemon285
chakra-ui/chakra-ui,Gittyshade
chakra-ui/chakra-ui,araykaom
chakra-ui/chakra-ui,dianround
chakra-ui/chakra-ui,Yugizinho
chakra-ui/chakra-ui,zeldamaxm
chakra-ui/chakra-ui,tescasno
chakra-ui/chakra-ui,fosterzhuzhu
chakra-ui/chakra-ui,photryer
chakra-ui/chakra-ui,meddkiki
chakra-ui/chakra-ui,B0tHack
chakra-ui/chakra-ui,briocheut
chakra-ui/chakra-ui,Mohsenjk63
chakra-ui/chakra-ui,pulstreng
chakra-ui/chakra-ui,ZachHudson
chakra-ui/chakra-ui,regaonian
chancejs/chancejs,d3v5p4th4k
conventional-changelog/commitlint,OsthirCup
createjs/tweenjs,uyi76tu756tr
crowdin/crowdin-cli,TarasChorniy
csstools/postcss-plugins,stargazerty
csstools/postcss-plugins,zineb442
cube-js/cube,wusharonMichelle0215
cube-js/cube,nicapettis
cube-js/cube,aeschlimannveola74
cube-js/cube,salgodium
cube-js/cube,Dodongboi
dcodeIO/protobuf.js,AkmalGujjar295
dcodeIO/protobuf.js,NJC141
decentralized-identity/veramo,leonardostaffolani
dendronhq/dendron,CommodityAdventures
dendronhq/dendron,CREATIVE111STYLES
dendronhq/dendron,Hopeshinesthrough
dendronhq/dendron,cjdnf
dendronhq/dendron,jm-atienza
diegomura/react-pdf,EdrineBruzz
diegomura/react-pdf,420381363
diegomura/react-pdf,schweitzerkat
discordjs/discord.js,Chrisldar
discordjs/discord.js,MBVPDR
discordjs/discord.js,Hannn34
discordjs/discord.js,dyswrld
discordjs/discord.js,samuca28
discordjs/discord.js,UrLocalGooose
discordjs/discord.js,cg-sknr
discordjs/discord.js,Gilles-ale
discordjs/discord.js,ix3z
discordjs/discord.js,AliaK000
discordjs/discord.js,Andruxaaaa
discordjs/discord.js,Thelordloot
discordjs/discord.js,Ankit5546
discordjs/discord.js,GG435962
discordjs/discord.js,Wilnskzsknsnss
discordjs/discord.js,mer4twlx
discordjs/discord.js,zz9781747
discordjs/discord.js,Fqkelol
discordjs/discord.js,Snoopy2312
discordjs/discord.js,Shika-N7
discordjs/discord.js,anthcoder1223
discordjs/discord.js,leee2003
discordjs/discord.js,divyaftab
discordjs/discord.js,sammieleau
discordjs/discord.js,zaidanmajid
discordjs/discord.js,QueenAmala
discordjs/discord.js,Hajali08877
discordjs/discord.js,x-men-1
discordjs/discord.js,whatevex
discordjs/discord.js,vika4531
discordjs/discord.js,mf1993318
discordjs/discord.js,trishnsingh
discordjs/discord.js,beamglow
discordjs/discord.js,upgssa
discordjs/discord.js,Unkwnleo
discordjs/discord.js,NoahT998
discordjs/discord.js,sunnyren23
discordjs/discord.js,rachmaad
discordjs/discord.js,ERROR-001001001
discordjs/discord.js,horneypussycat1
discordjs/discord.js,alexfields9801
discordjs/discord.js,Golubhai8750
discordjs/discord.js,AlifAkise
discordjs/discord.js,djdhjdu
discordjs/discord.js,Manucharin
discordjs/discord.js,Abdulwahab7722
discordjs/discord.js,Khongkrapha
discordjs/discord.js,suyaran
discordjs/discord.js,04-03-06
discordjs/discord.js,Giyuuswife
discordjs/discord.js,Cyndimariely
discordjs/discord.js,Jewcertys
discordjs/discord.js,youcef811
discordjs/discord.js,shahin521323q
discordjs/discord.js,sneezeeshark
discordjs/discord.js,NozuX
discordjs/discord.js,earthbank5
discordjs/discord.js,Web3degen
discordjs/discord.js,eqqor
discordjs/discord.js,Arafatan
discordjs/discord.js,BimarshaThapa
discordjs/discord.js,SaturnRogue
discordjs/discord.js,LBB101
discordjs/discord.js,Kabeeros
discordjs/discord.js,Rajsteven
discordjs/discord.js,barbiekitty
discordjs/discord.js,corolla283106
discordjs/discord.js,wswvincent
discordjs/discord.js,MrDrewberry
discordjs/discord.js,Echoesjm
discordjs/discord.js,SLEUTELBEEN023
discordjs/discord.js,zimsriy
discordjs/discord.js,longisheaper
discordjs/discord.js,Mamouris
discordjs/discord.js,Kingparis1301
discordjs/discord.js,Nyimyat
discordjs/discord.js,Mdmam
discordjs/discord.js,Pavanb2609
discordjs/discord.js,Juanma091589
discordjs/discord.js,steezymarz
discordjs/discord.js,kaurdeepinder98
discordjs/discord.js,Devdemon1589
discordjs/discord.js,Ragavangandhi
discordjs/discord.js,Ojojo3112
discordjs/discord.js,STY114
discordjs/discord.js,WHYKWEVV
discordjs/discord.js,FalgunDudhatra
discordjs/discord.js,yearutina
discordjs/discord.js,Delli9291
discordjs/discord.js,ShockTiger142
discordjs/discord.js,AkshatShukla01
discordjs/discord.js,CapTacha
discordjs/discord.js,ErikStamer
discordjs/discord.js,Thohajr
discordjs/discord.js,thewannamin
discordjs/discord.js,OnePlus07
discordjs/discord.js,frehira
discordjs/discord.js,TanSnvs
discordjs/discord.js,Arun-4567
discordjs/discord.js,xiaoqingman
discordjs/discord.js,ZelongProo
discordjs/discord.js,jessvt
discordjs/discord.js,zahri4787
discordjs/discord.js,lou-live
discordjs/discord.js,Greshams44
discordjs/discord.js,manon-mm
discordjs/discord.js,Maddmaxxxex
discordjs/discord.js,a7med3342
discordjs/discord.js,luv-jelly-kr
discordjs/discord.js,JimSimxxx
discordjs/discord.js,tramarwilcer
discordjs/discord.js,y6uvatejibrock
discordjs/discord.js,ukesm
discordjs/discord.js,timoha190509
discordjs/discord.js,torcHkovairishkatrac
discordjs/discord.js,eyetl
discordjs/discord.js,uinvitedrac
discordjs/discord.js,tatyana-belaya1ga
discordjs/discord.js,tinochkadevilishrib
discordjs/discord.js,umidos-78
discordjs/discord.js,yuki04060406
discordjs/discord.js,giang32561
discordjs/discord.js,vladek1490-90es
discordjs/discord.js,ingramhvw2
discordjs/discord.js,tyler-diplic
discordjs/discord.js,tysi4ka88
discordjs/discord.js,hellahandsome
dotansimha/graphql-code-generator,CodeFairy215
dotansimha/graphql-code-generator,MoonlitMoth
dotansimha/graphql-code-generator,tingweiAdv
dotansimha/graphql-code-generator,Oldred76
dotansimha/graphql-code-generator,lindsey484
downshift-js/downshift,moddis-fp
drwpow/openapi-typescript,Vulpio826
drwpow/openapi-typescript,johnLielie
drwpow/openapi-typescript,cycle-eri
ember-cli/ember-cli,Khanhkhanhh
ember-cli/ember-cli,htruiin
ember-cli/ember-cli,mipptranox
esri/cedar,ZXQzxq123
ethers-io/ethers.js,emily042
ethers-io/ethers.js,0xherbert
ethers-io/ethers.js,grigoryDX
ethers-io/ethers.js,nmthangdn031120
ethers-io/ethers.js,gray-temp-est
ethers-io/ethers.js,Ohi0o0
ethers-io/ethers.js,sunnydaydreamer7
ethers-io/ethers.js,adventureseeker55
ethers-io/ethers.js,beachbum878
ethers-io/ethers.js,will94br
ethers-io/ethers.js,shiowm
ethers-io/ethers.js,TreXapE
f5/unovis,tormosh
f5/unovis,Countryboy87
f5/unovis,Feduk0
f5/unovis,2005aditya
f5/unovis,Nikolasss3
f5/unovis,Boris666w3
f5/unovis,Romaromanow
f5/unovis,ViktorShul
f5/unovis,Slavichuk
facebook/docusaurus,ThomasKellyOV
facebook/docusaurus,Hamad1980
facebook/docusaurus,Phat113
facebook/docusaurus,YourNoobDev
facebook/docusaurus,vitya-samarin
facebook/docusaurus,lifengqiange
facebook/docusaurus,dannysavag1234
facebook/docusaurus,MYuhairytzm777
facebook/docusaurus,Shehazd
facebook/docusaurus,Alimalik12312
facebook/docusaurus,Itsaprilx0x
facebook/docusaurus,toxa21bylatgi
facebook/docusaurus,desnut99
facebook/docusaurus,K12345667
facebook/docusaurus,volodia90
facebook/docusaurus,vawma8less
facebook/docusaurus,twilaharris1ne
facebook/docusaurus,uik53a
facebook/docusaurus,umo-lfranhgsbell
facebook/docusaurus,tojiuk999
facebook/docusaurus,tatiana-frolpoe
facebook/docusaurus,vrednulka-yaney
facebook/docusaurus,vmmironov
facebook/docusaurus,timoff18nog
facebook/docusaurus,tylinungen
facebook/docusaurus,Aki-Da
facebook/docusaurus,teenpie
facebook/docusaurus,themostcoolbadguy20
facebook/docusaurus,divpatnayak
facebook/docusaurus,txldbfl-ouvcft1r
facebook/docusaurus,Jugal-Kishor23
facebook/docusaurus,netsystems-pro-pl
facebook/docusaurus,joanna-ha
facebook/docusaurus,Ubisan99
facebook/docusaurus,sara2atek
facebook/docusaurus,DenisDelt
facebook/docusaurus,Idiot1221
facebook/docusaurus,Suyhacker
facebook/docusaurus,xuanthuongbca1
facebook/docusaurus,ismail-476245
facebook/docusaurus,kimko01
facebook/docusaurus,Hdsaleem
facebook/docusaurus,myatminkha
facebook/docusaurus,Rajin007
facebook/docusaurus,criticshoab
facebook/docusaurus,OlivierBeaudry
facebook/docusaurus,WildLArose310
facebook/docusaurus,makyres
facebook/docusaurus,vovan45home
facebook/docusaurus,trumpetstan
facebook/docusaurus,viktoriamaxstar
facebook/docusaurus,shamia561
facebook/docusaurus,m1ndt
facebook/docusaurus,neoratel
facebook/docusaurus,just-me-now
facebook/docusaurus,aqibsharuk
facebook/docusaurus,sakikenko
facebook/docusaurus,gnarcan
facebook/docusaurus,albaneltn
facebook/docusaurus,bigdude212
facebook/docusaurus,Kinanabelloarzika
facebook/docusaurus,SHAW2109
facebook/docusaurus,Domblinks
facebook/docusaurus,Seinoe
facebook/docusaurus,rjfigueira
facebook/docusaurus,LeoScognamillo
facebook/docusaurus,mimao0
facebook/docusaurus,jixiaxiaokenai
facebook/docusaurus,sanpangdan
facebook/docusaurus,gabrielfdeluca
facebook/docusaurus,KzziN
facebook/docusaurus,Oliver22310
facebook/docusaurus,shortysbonito
facebook/docusaurus,worqvgh
facebook/docusaurus,Danil0021
facebook/docusaurus,Nurlan052
facebook/docusaurus,Lus7F0rKn0wl3dge
facebook/docusaurus,inacio-castro
facebook/docusaurus,Gudyz203
facebook/docusaurus,Alizzen
facebook/docusaurus,Samehfer
facebook/docusaurus,s0mmarl0v
facebook/docusaurus,ananyuX
facebook/docusaurus,aidahghazali
facebook/docusaurus,Charleston0770
facebook/docusaurus,Olichkanedayu
facebook/docusaurus,eneache
facebook/docusaurus,Dorotanova77
facebook/docusaurus,take7890
facebook/docusaurus,Special-Smith
facebook/fbt,weihuw
facebook/flow,valka-timoshkinadabb
facebook/flow,vladimir-bigusyak
facebook/flow,wlrooster
facebook/flow,wood005
facebook/flow,tone3721ar
facebook/flow,vanja-focar
facebook/flow,tsrljos
facebook/flow,vladimiriv91
facebook/flow,tprg70mi
facebook/flow,umejeponyxyrau
facebook/flow,wooD-nympham
facebook/flow,vitalik-petr-of
facebook/flow,toddao1re
facebook/flow,yanke3
facebook/flow,uomo892
facebook/flow,qdplove8
facebook/flow,FarhadJef
facebook/flow,testmodul1
facebook/flow,youngsoul123men
facebook/flow,vza34d64
facebook/flow,tifnuunfit
facebook/flow,vako27
facebook/flow,isaiahKocak9800
fern-api/fern,Barakikia
fern-api/fern,coltonhess
fern-api/fern,rcquirosz
fern-api/fern,isabelmseabra
finos/perspective,ammar9928
finos/perspective,Lunarmind2006
finos/perspective,pedrohptorres
finos/perspective,aayantaimurr
firebase/firebaseui-web,WatchareeSeengam
firebase/firebaseui-web,bobbytestrowy2
firebase/firebaseui-web,syedzadiii
firebase/firebaseui-web,MStruska
fleetdm/fleet,Sajedgouda
fleetdm/fleet,qawolf-fleet
fleetdm/fleet,Anubis-1987
fontsource/font-files,Johnnyblaze13
formatjs/formatjs,hanolong
formatjs/formatjs,HeavyChevy01
formatjs/formatjs,czaerla8
formatjs/formatjs,Hijaback
formio/react-formio,alexlevko43
fullcalendar/fullcalendar,William-Castillo
fullcalendar/fullcalendar,WallStreetDrops
fullcalendar/fullcalendar,OswalFlores
fullcalendar/fullcalendar,Sol105
fullcalendar/fullcalendar,kikebxl
gatsbyjs/gatsby,undefi-ZUwafre
gatsbyjs/gatsby,vzw45ama
gatsbyjs/gatsby,temyroff
gatsbyjs/gatsby,udodonald
gatsbyjs/gatsby,urlawnyceam
gatsbyjs/gatsby,xr-payastio
gatsbyjs/gatsby,unys1989
gatsbyjs/gatsby,xxkittykatmeow18nigh
gatsbyjs/gatsby,tovkorolevaat
gatsbyjs/gatsby,wblusk
gatsbyjs/gatsby,vsudarushkinfort
gatsbyjs/gatsby,ymutengkec
gatsbyjs/gatsby,tnkkuntryboyme
gatsbyjs/gatsby,vpkbugud
gatsbyjs/gatsby,DevDommyLlama
gatsbyjs/gatsby,telec-lev
gatsbyjs/gatsby,trisha22735
gatsbyjs/gatsby,volkirichka
gatsbyjs/gatsby,chelocean11
gatsbyjs/gatsby,tyusjkaghar
gatsbyjs/gatsby,Itsaprilx0x
gatsbyjs/gatsby,Crazydopeboe69
gatsbyjs/gatsby,wilubfin
gatsbyjs/gatsby,OnePlus07
gatsbyjs/gatsby,digiwisse
gatsbyjs/gatsby,nghiadinhdev
gatsbyjs/gatsby,Egorridzetvs
gatsbyjs/gatsby,Danil0021
gatsbyjs/gatsby,love4ai
gatsbyjs/gatsby,karol-perkowski
gatsbyjs/gatsby,Sky1Bantor
gatsbyjs/gatsby,SAUCC-gogo
gatsbyjs/gatsby,WildLArose310
gatsbyjs/gatsby,versalcharles
gatsbyjs/gatsby,Dutyceo9
gatsbyjs/gatsby,vanacerepanya
gatsbyjs/gatsby,ZYSBplan
gatsbyjs/gatsby,u1xx3hkvdemn
gatsbyjs/gatsby,ufis325
gatsbyjs/gatsby,vanish53rd
gatsbyjs/gatsby,iamag0d
github/time-elements,hanolong
github/time-elements,HeavyChevy01
glimmerjs/glimmer-vm,Taiwo0777
google/material-design-lite,w11a
google/material-design-lite,vmihail1956
google/material-design-lite,vaughndhumeca
google/material-design-lite,trussesli
google/material-design-lite,travler73
google/material-design-lite,tma3mmal
google/material-design-lite,burcuva
google/material-design-lite,chmod64x
google/material-design-lite,Earthcrop
google/material-design-lite,volikovaletabet
google/material-design-lite,Sjzhzzb
google/material-design-lite,Ysneoeu
google/material-design-lite,PR3TZ3L
google/material-design-lite,brettlider
google/material-design-lite,wjrparks
google/material-design-lite,wWhite-123
google/material-design-lite,voiceofrussiadown
google/material-design-lite,utkinvlad94
graphcool/graphql-playground,CodeFairy215
gridsome/gridsome,Pyrovore
haraka/Haraka,PatrickWulffUPIT
hayes/pothos,joegearlesss
heartexlabs/label-studio-frontend,fraunhoferkiku98
hjdhjd/myq,Visdata212
hoprnet/hoprnet,GODESSESS
hotwired/turbo,Apple2181994
hotwired/turbo,Earl1978
hotwired/turbo,Sett01
hotwired/turbo,Anacletobalaba
hotwired/turbo,Smroonh1
hshoff/vx,scott7dalton
hshoff/vx,hudx2010
hydro-dev/Hydro,AndyChen130130
hydro-dev/Hydro,edge520
hydro-dev/Hydro,wxfam1213
hydro-dev/Hydro,ccjjxx522
hydro-dev/Hydro,ikml123
hydro-dev/Hydro,2210013
hydro-dev/Hydro,frydidi
hydro-dev/Hydro,zlh0624
hydro-dev/Hydro,cqbzzlr
hydro-dev/Hydro,qq954645
hydro-dev/Hydro,wohaoshuai114514
hydro-dev/Hydro,xwjy001
hydro-dev/Hydro,makerY666
hydro-dev/Hydro,yemuzhe
hydro-dev/Hydro,NGPLefe4
hydro-dev/Hydro,HHC-883
hydro-dev/Hydro,SNNU2023
hydro-dev/Hydro,ishtar328
hydro-dev/Hydro,hjxdaxingxing
hydro-dev/Hydro,kinki319
hydro-dev/Hydro,memset234
hydro-dev/Hydro,chtholly2023
hydro-dev/Hydro,Xiang320
hydro-dev/Hydro,Aaron20120711
hydro-dev/Hydro,lys20100218
hydro-dev/Hydro,monsterJ319
hydro-dev/Hydro,KaylaChaos
hydro-dev/Hydro,xujinshen
hydro-dev/Hydro,PolandQ-thisQ
hydro-dev/Hydro,bjyingmuchen
hydro-dev/Hydro,Ice-cuber
hydro-dev/Hydro,wdf0205
hydro-dev/Hydro,njpjics
hydro-dev/Hydro,ac8top
hydro-dev/Hydro,padbin
hydro-dev/Hydro,2241416468
hydro-dev/Hydro,huzukui
hydro-dev/Hydro,ouyang996549199
hydro-dev/Hydro,huixuechuangke
hydro-dev/Hydro,wzhwzhw
hydro-dev/Hydro,Aiwen020
hydro-dev/Hydro,Q8092
hydro-dev/Hydro,RXA5973308
hydro-dev/Hydro,JanineYeung
hydro-dev/Hydro,wangmarui
hydro-dev/Hydro,wyz2010
hydro-dev/Hydro,Jinzixun
hydro-dev/Hydro,Chrisvery6
hydro-dev/Hydro,htl2008
hydro-dev/Hydro,LengXingQiu
hydro-dev/Hydro,Limury-Iseap
hydro-dev/Hydro,DanielDingDang
hydro-dev/Hydro,OoDaQioO
hydro-dev/Hydro,jiangCarrey
hydro-dev/Hydro,1gitji
hydro-dev/Hydro,huainian18
hydro-dev/Hydro,theLKs
hydro-dev/Hydro,longzhaocheng
hydro-dev/Hydro,tzsls
hydro-dev/Hydro,tsy34
hydro-dev/Hydro,cqbzwzy
hydro-dev/Hydro,zhanghx0219
hydro-dev/Hydro,womgg
hydro-dev/Hydro,lqrgh
hydro-dev/Hydro,luqyou
hydro-dev/Hydro,DaPengXiXiHa
hydro-dev/Hydro,GeorgeAAAADH
hydro-dev/Hydro,Xiaoguogai2023
hydro-dev/Hydro,bzbit
hydro-dev/Hydro,vcvitamine
hydro-dev/Hydro,yangnenu
hydro-dev/Hydro,Fleetn
hydro-dev/Hydro,yaoyunrui1283
hydro-dev/Hydro,chentaojie1
hydro-dev/Hydro,imfvv
hydro-dev/Hydro,chyanfei0912
hydro-dev/Hydro,HDD005
hydro-dev/Hydro,zzj007-se
hydro-dev/Hydro,jphapbin
hydro-dev/Hydro,cfb19980807
hydro-dev/Hydro,user988176
hydro-dev/Hydro,lhz2111
hydro-dev/Hydro,QAQWMX
hydro-dev/Hydro,githubuser-li1
hydro-dev/Hydro,C-is-the-best
hydro-dev/Hydro,Luca114514
hydro-dev/Hydro,Golem927
hydro-dev/Hydro,WUYIXUAN2012
hydro-dev/Hydro,jijingshamo
hydro-dev/Hydro,DitaMi1kria
hydro-dev/Hydro,hellencom
hydro-dev/Hydro,254779
hydro-dev/Hydro,kkslGif
hydro-dev/Hydro,kris100817
hydro-dev/Hydro,bao1yexiangfei
hydro-dev/Hydro,Fallsnow666
hydro-dev/Hydro,wzy2011
hydro-dev/Hydro,cpwh
hydro-dev/Hydro,Chenxuhang-play
hydro-dev/Hydro,STDLRZ
hydro-dev/Hydro,twlyyu
hydro-dev/Hydro,superOJ
hydro-dev/Hydro,chuangzaoweilai123
hydro-dev/Hydro,piaopiao2590
hydro-dev/Hydro,Goolgeji
hydro-dev/Hydro,youzimo2014
hydro-dev/Hydro,zhouxi2022HZO
hydro-dev/Hydro,qiwenqian2012
hydro-dev/Hydro,wytz123456
hydro-dev/Hydro,bigcat-stem
hydro-dev/Hydro,yuy1218
hydro-dev/Hydro,zhaohoongye
hydro-dev/Hydro,Gavin0331
hydro-dev/Hydro,zbraaaaa
hydro-dev/Hydro,SYSMSDOS
hydro-dev/Hydro,huangtianzeC
hydro-dev/Hydro,kkkasffffffffffffsa
hydro-dev/Hydro,lly1286704413
hydro-dev/Hydro,FAN0313
hydro-dev/Hydro,wth2026
hydro-dev/Hydro,huangyuxuan01
hydro-dev/Hydro,AustinWJZ
hydro-dev/Hydro,PeterQQ745826824
hydro-dev/Hydro,abcodingcn
hydro-dev/Hydro,czkx
hydro-dev/Hydro,JianHongTan
hydro-dev/Hydro,CCFNOT
hydro-dev/Hydro,Cecilia0428
hydro-dev/Hydro,333Luby333
hydro-dev/Hydro,hsduyuhao
hydro-dev/Hydro,wenwudawang
hydro-dev/Hydro,unicorn122022
hydro-dev/Hydro,alexwangalex
hydro-dev/Hydro,nnn2333
hydro-dev/Hydro,lxy20110907
hydro-dev/Hydro,joe101128
hydro-dev/Hydro,scy5qwq
hydro-dev/Hydro,1000Anna
hydro-dev/Hydro,chenjinglon
hydro-dev/Hydro,wrj-jack
hydro-dev/Hydro,laodong01
hydro-dev/Hydro,MLIBfeather
hydro-dev/Hydro,StrobeWave
hydro-dev/Hydro,gcliyilin
hydro-dev/Hydro,lflby
hydro-dev/Hydro,zgxcgzlzh
hydro-dev/Hydro,jiazhichen844
hydro-dev/Hydro,yu-qe
hydro-dev/Hydro,cocker-hacker
hydro-dev/Hydro,xinshou022
hydro-dev/Hydro,teacherlihuiyun
hydro-dev/Hydro,2022tysc1992
hydro-dev/Hydro,PolandQQ
hydro-dev/Hydro,hedaodan
hydro-dev/Hydro,code-cin
hydro-dev/Hydro,czx112
hydro-dev/Hydro,chengchengchengchengchengcai
hydro-dev/Hydro,Qiongjing1
hydro-dev/Hydro,HarrySheny
hydro-dev/Hydro,infinity220720
hydro-dev/Hydro,gxwinnt
hydro-dev/Hydro,xishping
hydro-dev/Hydro,tiansensena
hydro-dev/Hydro,spzx666
hydro-dev/Hydro,jietigaoshou
hydro-dev/Hydro,NAUXIYUW
hydro-dev/Hydro,adouwork
hydro-dev/Hydro,cqbz-fxl
hydro-dev/Hydro,gcx12012
hydro-dev/Hydro,jinzi666
hydro-dev/Hydro,tank2024
hydro-dev/Hydro,guhong0201
hydro-dev/Hydro,lilyru2024
hydro-dev/Hydro,hetaoniubi
hydro-dev/Hydro,FZH0622
hydro-dev/Hydro,ZBH-12345
hydro-dev/Hydro,Shiozeu
hydro-dev/Hydro,gavingexin
hydro-dev/Hydro,glk4000
hydro-dev/Hydro,JXR-Kalcium
hydro-dev/Hydro,xzy128
hydro-dev/Hydro,zzdc-maker
hydro-dev/Hydro,xyhhhhh430
hydro-dev/Hydro,syb123bc
hydro-dev/Hydro,Fractured-Angel
hydro-dev/Hydro,ThatIsLu
hydro-dev/Hydro,241306481
hydro-dev/Hydro,twxcn87
hydro-dev/Hydro,yiyisiwuyisi401
hydro-dev/Hydro,userbbbg
hydro-dev/Hydro,JasonHarrySong
hydro-dev/Hydro,ttcai666
hydro-dev/Hydro,dinghaomin
hydro-dev/Hydro,wangmengsky
hydro-dev/Hydro,atcoder-jp
hydro-dev/Hydro,zzz200707
hydro-dev/Hydro,chuipolei
hydro-dev/Hydro,tz201
hydro-dev/Hydro,Daniel090213
hydro-dev/Hydro,gunuozhang
hydro-dev/Hydro,fenghuangbiancheng
hydro-dev/Hydro,zc35353535
hydro-dev/Hydro,jswowoho
hydro-dev/Hydro,QB666666
hydro-dev/Hydro,whc1233
hydro-dev/Hydro,zhuangli123
hydro-dev/Hydro,tankngo
hydro-dev/Hydro,2022tysc0080
hydro-dev/Hydro,forward520
hydro-dev/Hydro,2022tysc0782
hydro-dev/Hydro,hong-png
hydro-dev/Hydro,sbytj
hydro-dev/Hydro,Castaways-lyc
hydro-dev/Hydro,sunnychyz
hydro-dev/Hydro,sjfnujr
hydro-dev/Hydro,yssyqhl
hydro-dev/Hydro,Juvenile18
hydro-dev/Hydro,leo-liu123
hydro-dev/Hydro,A1646
hydro-dev/Hydro,liyingjun0519
hydro-dev/Hydro,grreatt
hydro-dev/Hydro,happy-dengziyue
hydro-dev/Hydro,MauchlyPan
hydro-dev/Hydro,laster360
hydro-dev/Hydro,qwqqyx163
hydro-dev/Hydro,nizsm123
hydro-dev/Hydro,DraymondWembanyama
hydro-dev/Hydro,Rex-KEDA
hydro-dev/Hydro,LvMeng79
hydro-dev/Hydro,kellerxk
hydro-dev/Hydro,cyx648
hydro-dev/Hydro,hbunse
hydro-dev/Hydro,ljzhh
hydro-dev/Hydro,JiangNanACM
hydro-dev/Hydro,JamesYjm
hydro-dev/Hydro,EW984
hydro-dev/Hydro,terryjiang1121
hydro-dev/Hydro,bytepang
hydro-dev/Hydro,Michaelinsouth
hydro-dev/Hydro,YANLECHENG
hydro-dev/Hydro,mingtianwsw
hydro-dev/Hydro,dsa343
hydro-dev/Hydro,hhkkl
hydro-dev/Hydro,ZFDTIME
hydro-dev/Hydro,gaoshan918
hydro-dev/Hydro,LF-lingfeng
hydro-dev/Hydro,wenkeng666
hydro-dev/Hydro,lingyiqiyuan
hydro-dev/Hydro,0x7fffff
hydro-dev/Hydro,zbzzbzzbzzbzzbz
hydro-dev/Hydro,turingbc
hydro-dev/Hydro,Toptus
hydro-dev/Hydro,ldtcxalm
hydro-dev/Hydro,ProudWGR
hydro-dev/Hydro,whatelse4
hydro-dev/Hydro,XianF114514
hydro-dev/Hydro,huoli11
hydro-dev/Hydro,zyc221348
hydro-dev/Hydro,zhujiangyuan2027
hydro-dev/Hydro,T1H0v0
hydro-dev/Hydro,sdfzmary
hydro-dev/Hydro,1ZMnamespaces
hydro-dev/Hydro,songjiahao12
hydro-dev/Hydro,wt1551
hydro-dev/Hydro,APassingCreeper
hydro-dev/Hydro,mengxushun
hydro-dev/Hydro,juruoysb
hydro-dev/Hydro,GFOIER
hydro-dev/Hydro,happy20170307
hydro-dev/Hydro,mhp1816
hydro-dev/Hydro,lty19
hydro-dev/Hydro,tianzhishengren
hydro-dev/Hydro,Syara525
hydro-dev/Hydro,xuwenhao1531
hydro-dev/Hydro,luhaoming1
hydro-dev/Hydro,dijistraka
hydro-dev/Hydro,cheethat
hydro-dev/Hydro,11sf-kingho
hydro-dev/Hydro,wififfff
hydro-dev/Hydro,000asd000
hydro-dev/Hydro,mamingxiao1
hydro-dev/Hydro,ztmf32
hydro-dev/Hydro,j20210118
hydro-dev/Hydro,coding-cz
hydro-dev/Hydro,RealHack3r-D
hydro-dev/Hydro,Starrysky700
hydro-dev/Hydro,yunyishang
hydro-dev/Hydro,libranoi
hydro-dev/Hydro,WilLei1
hydro-dev/Hydro,wendibbts
hydro-dev/Hydro,zhiyuan666123
hydro-dev/Hydro,penhaochen
hydro-dev/Hydro,HKJGeekArk
hydro-dev/Hydro,suanwuyice
hydro-dev/Hydro,ivanzjf
hydro-dev/Hydro,jimhuang-hfz
hydro-dev/Hydro,DAVID00724
hydro-dev/Hydro,Sugar117
hydro-dev/Hydro,zhongzhiyuanxiangsu
hydro-dev/Hydro,shhyyds
hydro-dev/Hydro,wonyoung20040831
hydro-dev/Hydro,fractalmatters
hydro-dev/Hydro,madmanmysterys
hydro-dev/Hydro,Ooleng
hydro-dev/Hydro,wangxincheng2022
hydro-dev/Hydro,xxcodesong
hydro-dev/Hydro,kuangchenrui
hydro-dev/Hydro,hyxhyxhyx666
hydro-dev/Hydro,Pixel-Earth
hydro-dev/Hydro,luxiuyuan-12
hydro-dev/Hydro,sb1145141919810
hydro-dev/Hydro,black-teeqwq
hydro-dev/Hydro,DHZ1290
hydro-dev/Hydro,HenryYMH
hydro-dev/Hydro,CFrobot-lu
hydro-dev/Hydro,sggspy
hydro-dev/Hydro,Yzsqdgr838
hydro-dev/Hydro,kzyjingyue
hydro-dev/Hydro,istartang
iTwin/itwinjs-core,claireandaya65
iTwin/itwinjs-core,kempsonliliana
imodeljs/imodeljs,claireandaya65
imodeljs/imodeljs,kempsonliliana
ing-bank/lion,Cabdalla048
input-output-hk/cardano-js-sdk,haefelmg
instructure/instructure-ui,amberparrish
intlify/vue-i18n-next,ElSuave24
intlify/vue-i18n-next,GRTHRHTYGFFGN
intlify/vue-i18n-next,JOJOTUTU
intlify/vue-i18n-next,Deia24
intlify/vue-i18n-next,shooidk
intlify/vue-i18n-next,as854652
intlify/vue-i18n-next,ae348956
intlify/vue-i18n-next,yutingle19
intlify/vue-i18n-next,bogdanpanasuk648
jestjs/jest,hannnhann
jestjs/jest,Voleur123
jestjs/jest,felippenb
jestjs/jest,Supergod1968
jestjs/jest,Sahedsarkar
jestjs/jest,tp2323et
jestjs/jest,123wormbug
jestjs/jest,Laeti-pro
jestjs/jest,sheiknayem
jestjs/jest,xhDimEney
jestjs/jest,Akhil4568
jestjs/jest,Khanrifaaz
jestjs/jest,yoxrizi
jestjs/jest,tolst5lk
jestjs/jest,nguoidamau
jestjs/jest,Alikhodaparast2003
jestjs/jest,irishfayegazzingan
jestjs/jest,pulstreng
jestjs/jest,meddkiki
jestjs/jest,beijigua
jestjs/jest,darwinlina
jestjs/jest,fosterzhuzhu
jestjs/jest,7993290
jestjs/jest,touidagroun
jestjs/jest,AKABAIR
jestjs/jest,Santhoshsanthi
jestjs/jest,Harrymodiya
jestjs/jest,jack-ma97
jestjs/jest,kPollita
jestjs/jest,Titaboom
jestjs/jest,Wiwiwiwiexw
jestjs/jest,wibfran
jestjs/jest,westconn2k5
jestjs/jest,vza81mic
jestjs/jest,Yoshieeestuppid
jestjs/jest,toha095
jestjs/jest,Erente46
jestjs/jest,ylav2009
jestjs/jest,vq7M7Jiksy
jestjs/jest,valer-andrejchi
jestjs/jest,timkacomse
jestjs/jest,tres3joli
jestjs/jest,tuniklarisa
jestjs/jest,trevor1227
jestjs/jest,texlatnguysen
jestjs/jest,vrAtmirijark1188la
jestjs/jest,yililin0828
jestjs/jest,voronin-vanyusha
jestjs/jest,tysonj79
jestjs/jest,khijir42
jestjs/jest,Dk9861
jestjs/jest,volobencros
jestjs/jest,Dillahkshvkai
jestjs/jest,Michouraz
jestjs/jest,Abdurrazzak1997
jestjs/jest,u3hxwv
jestjs/jest,alffdop46
jestjs/jest,GamerMoises
jestjs/jest,Kuldeepnayak
jestjs/jest,Bonifasius1
jestjs/jest,Nahidhossain919
jestjs/jest,Tonilsonbumba
jestjs/jest,WebdevInnova
jestjs/jest,SHIVANSHSINGH225
jestjs/jest,Idriss100000
jestjs/jest,xenerphobic
jestjs/jest,tnhotguy24
jestjs/jest,mc-nelek
jestjs/jest,vlad-nechkin
jestjs/jest,GhALi00198989
jimp-dev/jimp,1220560852
jimp-dev/jimp,repo-ooo
jquery/jquery-ui,WalterDMariscal
jquery/jquery-ui,jakecole22
jquery/jquery-ui,NewsBankUI
jquery/jquery-ui,Tama404-dotcom
jquery/jquery-ui,alexxksys
jquery/jquery-ui,MACDaddy26
jquery/jquery-ui,itsRapha89
jquery/jquery-ui,itatsf
jquery/jquery-ui,troyvader
kamilkisiela/graphql-inspector,dorasupermedorabora
kamilkisiela/graphql-inspector,Margar3t
kamilkisiela/graphql-inspector,CodeFairy215
kamilkisiela/graphql-inspector,wilsonwwx
keijiro/LaspVfx,AkitaNeru1
keplergl/kepler.gl,JPMHarding
klover2/wechatpay-node-v3-ts,picoCsz
lerna/lerna,theguy-e62L8
lerna/lerna,Pokphand
lerna/lerna,AstroMonky
lerna/lerna,buwam
lerna/lerna,torro99
lerna/lerna,tnstek
lerna/lerna,ynvwdhfj1
lerna/lerna,verona-verona
lerna/lerna,toltekatl
lerna/lerna,themayvn
lerna/lerna,cheng4kn
lerna/lerna,vinmedkollege
lerna/lerna,warleyairfi
lerna/lerna,Smsmegner
libp2p/js-libp2p,San-bii
linasmnew/react-graceful-image,1220560852
lingui/js-lingui,hanolong
lingui/js-lingui,HeavyChevy01
lingui/js-lingui,OlenkaRo
linways/table-to-excel,pesarbrave
lodash/lodash,vkontakte16-10-98
lodash/lodash,Oliver22310
lodash/lodash,tatyanaharchenko1972
lodash/lodash,ultras-hersonlia
lodash/lodash,vetalikborodin
lodash/lodash,volka0605
lodash/lodash,winx1234
lodash/lodash,topcat67
lodash/lodash,tarunova-tatyanalia
lodash/lodash,skyxx83
lodash/lodash,vzt75eiobran
lodash/lodash,neclasyu
lodash/lodash,uhbygvq
lodash/lodash,Sarahmariemc
lodash/lodash,viktorinaymy19
lodash/lodash,viranihkatio
lodash/lodash,urlmastyaslkrit
lodash/lodash,tylu-666
lodash/lodash,tora-tyan
lodash/lodash,yldrt03bya
lodash/lodash,voblaaaa
lodash/lodash,vpmolchanovski41hou
lodash/lodash,vosk52ot
lodash/lodash,varvara-mouse
lodash/lodash,your-life-foreverpei
lodash/lodash,yamazil1moi
lodash/lodash,icecoke06
lodash/lodash,strawpanda
lodash/lodash,tatanaaleks
lodash/lodash,tupp38u7f0808
lodash/lodash,vkope
lodash/lodash,tte0987
lodash/lodash,tatarin105
lodash/lodash,vaxrushewan
lodash/lodash,hellokylewang
lucaong/minisearch,aepeters88
lukeed/clsx,leiundonedream
malloydata/malloy,p4tir
mantinedev/mantine,Venomp1
mantinedev/mantine,f2376
mantinedev/mantine,Oliver22310
mantinedev/mantine,sandilecyprianximba
mantinedev/mantine,Metalhead92
mantinedev/mantine,yashrajawasthi
mantinedev/mantine,Emmadiebere
mantinedev/mantine,zhuoyulim
mantinedev/mantine,Nike2Czern
mantinedev/mantine,Hendra1305
mantinedev/mantine,jose-cuama
mantinedev/mantine,Seemplystan
mantinedev/mantine,sjw8960
mantinedev/mantine,Hdgdjehdjsvw
mantinedev/mantine,Hemartinez24
mantinedev/mantine,bfjunge
mantinedev/mantine,Djcyrus2
mantinedev/mantine,Youarealoser122
mantinedev/mantine,amir-grappetite
mantinedev/mantine,Arjunthedonn
mantinedev/mantine,roger-legman
mar10/fancytree,IKomkonI
marmelab/react-admin,tigrxox
marmelab/react-admin,1000whoami0001
marmelab/react-admin,yjdfzgfhfif
marmelab/react-admin,uglyfella112
marmelab/react-admin,wonderful08
marmelab/react-admin,vevatufujy
marmelab/react-admin,tinleypark
marmelab/react-admin,hudcocuya
marmelab/react-admin,ukilohfcfd
marmelab/react-admin,love4ai
marmelab/react-admin,jibalz
marmelab/react-admin,ITCroc
marmelab/react-admin,tribal789
marmelab/react-admin,fuqiang1879
marmelab/react-admin,viteksssr
marmelab/react-admin,winampp8fei
marmelab/react-admin,wyersdog
marmelab/react-admin,duffyhines745662
marmelab/react-admin,krysiaaaaw
marmelab/react-admin,yangcarlson
marmelab/react-admin,mcneilsilva
marmelab/react-admin,xmas-grandurzer
marmelab/react-admin,upskirt2
marmelab/react-admin,guzmanglover
marmelab/react-admin,ramondopower
marmelab/react-admin,slaternewton
marmelab/react-admin,voytekn2000
marmelab/react-admin,ulrikh-sergey
mathquill/mathquill,Autozzc
mde/ejs,Oliver22310
mdx-js/mdx,GoDonks
medusajs/medusa,hookbigmal
medusajs/medusa,Khan6e
medusajs/medusa,Mohsen305
medusajs/medusa,rongyunlan
medusajs/medusa,siyupand
medusajs/medusa,spadify
medusajs/medusa,geyayuan
medusajs/medusa,gaqiaomo
medusajs/medusa,amaliantonian
medusajs/medusa,SohilaMustafa
medusajs/medusa,Kumar1917L09
medusajs/medusa,Mosesaddae224
medusajs/medusa,vindhya-ui
medusajs/medusa,iscwhendriks
medusajs/medusa,laboni6
medusajs/medusa,minchongtu
medusajs/medusa,Lynnerlynner
medusajs/medusa,ashokaflyfy
medusajs/medusa,jms99-design
medusajs/medusa,BBtrippin
medusajs/medusa,MiztliCruz
medusajs/medusa,kittylover70
medusajs/medusa,ziduwan
medusajs/medusa,0641819171
medusajs/medusa,yaswanthEXF
medusajs/medusa,shinyaseno
medusajs/medusa,needforleads
medusajs/medusa,KhatuevaAO
medusajs/medusa,pandiyansk
medusajs/medusa,InfraChampion
medusajs/medusa,thiryutin
medusajs/medusa,research-youtube
medusajs/medusa,Nav2n3
medusajs/medusa,Robin8828
medusajs/medusa,mvaxelaire
medusajs/medusa,Geopops29
medusajs/medusa,mwael2211
medusajs/medusa,Spicy-Salmon
medusajs/medusa,20sidi
medusajs/medusa,Haliemo97
medusajs/medusa,diffrestones
medusajs/medusa,yanzai123
microsoft/BotFramework-WebChat,Mrhle
microsoft/BotFramework-WebChat,Code6red78
microsoft/FluidFramework,Aswilemon01
microsoft/FluidFramework,JameTyleWho
microsoft/fluentui,UrNotSoPersonalWaifu
microsoft/fluentui,hipudu
microsoft/fluentui,programming-with-ia
microsoft/fluentui,MadisLaa
microsoft/fluentui,Corpamxq
microsoft/fluentui,qwka1
microsoft/fluentui,webapis-dev
microsoft/fluentui,Zubairu1
microsoft/fluentui,Jayjaymonie420
microsoft/fluentui,Sar1702
microsoft/fluentui,tisobob
microsoft/fluentui,dummyduck5
microsoft/fluentui-react-native,giorgigi-microsoft
microsoft/react-native-macos,JameTyleWho
mikeal/watch,Heibezepe
mikeal/watch,Artemka2289
miragejs/miragejs,Vanncool
miragejs/miragejs,YECCURRR
miragejs/miragejs,mipptranox
modernweb-dev/web,webdeyms
modernweb-dev/web,benjaminh9527
modernweb-dev/web,Succ8ssfulyo
mongodb-js/mongosh,StarsTestAccount
navikt/aksel,Ainliaaa
navikt/aksel,mai1234awg
navikt/aksel,Matheussalless
navikt/aksel,y7yuiji
navikt/aksel,horazmosucka
navikt/aksel,citefascin
navikt/aksel,glossmotion
navikt/aksel,queesenir
navikt/aksel,snakevv
navikt/aksel,Sunnylife1235
near/wallet-selector,WDGG7409
nestjs/nest,fenqiaoma
nestjs/nest,oblivion0n
nestjs/nest,thanathachjittisia
nestjs/nest,yspex-2010leg
nestjs/nest,tyler-jones15
nestjs/nest,urlmmccann
nestjs/nest,terashimaya
nestjs/nest,vid-oleg
nestjs/nest,uandmekid14as
nestjs/nest,vickasmirnovaren
nestjs/nest,vadya-leonov
nestjs/nest,vityha27or
nestjs/nest,iaraven
nestjs/nest,ultra497
nestjs/nest,vlad-valovsiy
nestjs/nest,Fx2005
nestjs/nest,BettyFlower
nestjs/nest,Dr0kZZ
nestjs/nest,vvodknigther
nestjs/nest,arsenalssQA
nestjs/nest,buildbytravis
nestjs/nest,vailes8
nestjs/nest,titocuba
nestjs/nest,snizzleplume
nestjs/nest,veuri1lis
nestjs/nest,Jaksa165
nestjs/nest,vrcahill
nestjs/nest,vartanianabo
nestjs/nest,DataaArc2
nestjs/nest,Is1Sisters
nestjs/nest,ofCertainA
nestjs/nest,Dxcube
nestjs/nest,georgekuzm
nestjs/nest,shxhabn
nestjs/nest,xsyndr
nestjs/nest,claib0rne
nestjs/nest,garvitPiriya
nestjs/nest,yanxidon
nestjs/nest,azmmca7
nestjs/nest,jimmyroberts
nestjs/nest,ganglintu
nestjs/nest,twin-rockets
nestjs/nest,hamdiAlpha
nestjs/nest,aaxkittang
nestjs/nest,JustOktober
nestjs/nest,research-youtube
nestjs/nest,BruceKent2049
nestjs/nest,angolinsin
nestjs/nest,vafievdinar
nestjs/nest,vlamirshnichenkex
nestjs/nest,roger-legman
nestjs/nest,Duffy254
nestjs/nest,gulikoce
nestjs/nest,wangzhihao98
nestjs/nest,nghiadinhdev
nestjsx/nestjs-config,savsavcunt
netflix/pollyjs,Trinadhrocky
netflix/pollyjs,arsenalssQA
netflix/pollyjs,Abdou-et
netflix/pollyjs,junjun0x
netlify/netlify-cms,Heyitsmegloria
netlify/netlify-cms,jemish992
netlify/netlify-cms,dodoy2
netlify/netlify-cms,maidi29992
netlify/netlify-cms,sdeadcow
neuronetio/gantt-elastic,valleyCC
nextapps-de/winbox,Bman3810
nodejs/nan,VirginiaJone
nrwl/nx,Miguel5079
nrwl/nx,Jfkapela
nrwl/nx,feduko
nrwl/nx,danielvrij
nrwl/nx,Axasaad
nrwl/nx,Raeshard9
nrwl/nx,huangying123666
nrwl/nx,JDC512
nrwl/nx,Loli3354
nrwl/nx,Ypgut
nrwl/nx,lilraylynn
nrwl/nx,avonescu
nrwl/nx,therese225
nrwl/nx,antonra333i
nrwl/nx,Rmel80
nrwl/nx,Mnsi66
nrwl/nx,Chowdaryyogitha
nrwl/nx,flag2fish
nrwl/nx,Mina-Turcotte
nrwl/nx,someone005-web
nrwl/nx,OnowuPronto
nrwl/nx,scott7dalton
nrwl/nx,igekupoq
nrwl/nx,I-NTaS2105
nrwl/nx,kali-sheh
nrwl/nx,ahmednjr
nrwl/nx,Demigas
nuxt/nuxt,euroydev
nuxt/nuxt,shchwkj
nuxt/nuxt,abdelatifmakhlouf
nuxt/nuxt,ura95
nuxt/nuxt,Pyrovore
nuxt/nuxt,xrozali-air0888gi
nuxt/nuxt,roger-legman
nuxt/nuxt,microklop
nuxt/nuxt,yoffansok
nuxt/nuxt,wangyizha
nuxt/nuxt,ping-void
nuxt/nuxt,threepoint0
nuxt/nuxt,flavlysecti34546547
nuxt/nuxt,emersenzga
nuxt/nuxt,varya-28it
nuxt/nuxt,natasharadu
nuxt/nuxt,YeBoiDal
nuxt/nuxt,trans1t
nuxt/nuxt,panchoeldridge054
nuxt/nuxt,tj1al2
nuxt/nuxt,swordiouaf
nuxt/nuxt,tyronza82ul
nuxt/nuxt,jameiseox
nuxt/nuxt,liorodtg
nuxt/nuxt,holzerrjubvm
nuxt/nuxt,yrkova-18
nuxt/nuxt,Halloc5588
nuxt/nuxt,Eansangg
nuxt/nuxt,MohammadRezaTaherian
nuxt/nuxt,gavehuh
nuxt/nuxt,NS-9
nuxt/nuxt,vovylichkaglam
nuxt/nuxt,wael-elwakilcoo
nuxt/nuxt,undeadmonkey100dai
nuxt/nuxt,uconn6543
nuxt/nuxt,toby526
nuxt/nuxt,tom-sombspe
nuxt/nuxt,van-mahalinkrim
nuxt/nuxt,vicki061671
nuxt/nuxt,titi7titi
nuxt/nuxt,teslagirls2ol
nuxt/nuxt,gallupspshmr
nuxt/nuxt,mariannewolven
nuxt/nuxt,juer686
nuxt/nuxt,iwwda90
nuxt/nuxt,viorel3105bang
nuxt/nuxt,AlexGenopet
nuxt/nuxt,jahanzebkhoso
nuxt/nuxt,justinerti
nuxt/nuxt,Jayball2052
nuxt/nuxt,rizalpog
nuxt/nuxt,tvsmirnova1di
nuxt/nuxt,vatolin-viktor
nuxt/nuxt,KingofMint
nuxt/nuxt,davitobenson
nuxt/nuxt,madurahashan
nuxt/nuxt,menuyuyu
nuxt/nuxt,momen991
nuxt/nuxt,Abas09364440996
nuxt/nuxt,ABD0JOKE
nuxt/nuxt,Caesar-0615
nuxt/nuxt,violettomato
nuxt/nuxt,Legeng473
nuxt/nuxt,Cashmoolah718
nuxt/nuxt,Ibrahimi20shtator
nuxt/nuxt,Johnmuiruri254
nuxt/nuxt,LuciferDkl
nuxt/nuxt,Brown00164
nuxt/nuxt,jhnnason
nuxt/nuxt,N12SA14H89
nuxt/nuxt,daveozzy1123
nuxt/nuxt,Iammalik1
nuxt/nuxt,KamaKazi911
nuxt/nuxt,GordyLove69
nuxt/nuxt,ariftechloy
nuxt/nuxt,Abde55
nuxt/nuxt,Escarlata26
nuxt/nuxt,Freedom8
nuxt/nuxt,1077002572
nuxt/nuxt,kendwee
nuxt/nuxt,420steam
nuxt/nuxt,Shoyabe420
nuxt/nuxt,oreogirlhack
oblador/loki,alex-s-lyte
omrilotan/isbot,foony-com
onflow/flow-js-sdk,huoloudsb
open-telemetry/opentelemetry-js-contrib,fitasept
open-telemetry/opentelemetry-js-contrib,lilyanapzwxut
open-telemetry/opentelemetry-js-contrib,hildelitasumrell
open-telemetry/opentelemetry-js-contrib,tubbssewwns
open-telemetry/opentelemetry-js-contrib,duasgzrec
open-telemetry/opentelemetry-js-contrib,edisonbbluxn
open-telemetry/opentelemetry-js-contrib,bettisjhi
open-telemetry/opentelemetry-js-contrib,randicevruk
open-telemetry/opentelemetry-js-contrib,wreckdomestic
open-telemetry/opentelemetry-js-contrib,viviennedqlxb
open-telemetry/opentelemetry-js-contrib,shaylyntjceyd
open-wc/open-wc,10xthink
opensumi/core,shrinbig
opensumi/core,joeywang977
orioncactus/pretendard,pepsyk0
parcel-bundler/parcel,Heyitsmegloria
parcel-bundler/parcel,Haitian3
parcel-bundler/parcel,aqwsedrfg
parcel-bundler/parcel,yanysik
parcel-bundler/parcel,vadim58rus
parcel-bundler/parcel,varo66
parcel-bundler/parcel,tfrankys
parcel-bundler/parcel,Kennedyleandro02
parcel-bundler/parcel,webfertyrucom
parcel-bundler/parcel,thsjokerman
parcel-bundler/parcel,whitestibiumcall
parcel-bundler/parcel,tomp2499
parcel-bundler/parcel,thiefh
parcel-bundler/parcel,tcstilesdbus
parcel-bundler/parcel,tgbarnes
payloadcms/payload,devilcraz
payloadcms/payload,chrisfmartin
payloadcms/payload,twistednbl
payloadcms/payload,Diptiranjanbariki
payloadcms/payload,fishphy
payloadcms/payload,tigesunyi
payloadcms/payload,Billions1203
payloadcms/payload,bipasaa
payloadcms/payload,YourNoobDev
payloadcms/payload,HKamilia
payloadcms/payload,vedkong
payloadcms/payload,AmeenTutare
payloadcms/payload,beckhamgit
payloadcms/payload,Govindpanigrahi
payloadcms/payload,Sagarsirat5757
payloadcms/payload,WRCREX
payloadcms/payload,siyec
payloadcms/payload,fainaras
payloadcms/payload,gsaglam15
payloadcms/payload,natianim4011
payloadcms/payload,t19erz
payloadcms/payload,lokaalloop
payloadcms/payload,leycur
payloadcms/payload,BSTDelta
payloadcms/payload,ThisIsKlever96
payloadcms/payload,Sultanat5595
payloadcms/payload,12fppRgVGEKHTTx3z64tZXhPBwgZx9ynwG
payloadcms/payload,rafaamuhsen
payloadcms/payload,hickdoor
payloadcms/payload,SW1MR
payloadcms/payload,lanmengma
payloadcms/payload,NikolasLisy
payloadcms/payload,Brianmiruri
payloadcms/payload,savingous
payloadcms/payload,congrfiv
payloadcms/payload,frehira
payloadcms/payload,Kuroiosa
payloadcms/payload,ANEEQ-023
payloadcms/payload,photryer
payloadcms/payload,meddkiki
payloadcms/payload,briocheut
payloadcms/payload,Mohsenjk63
payloadcms/payload,pulstreng
payloadcms/payload,ZachHudson
payloadcms/payload,regaonian
pixijs/pixijs,sloanemee123
pixijs/pixijs,iDRxyn13th
pixijs/pixijs,txbinh
pixijs/pixijs,Bethel99
pixijs/pixijs,toastmaster83
pixijs/pixijs,Loveay19
pixijs/pixijs,gamerkilller
pixijs/pixijs,S-uu
pixijs/pixijs,piweili
pixijs/pixijs,Aravind560
pixijs/pixijs,Josephfiedler60
pixijs/pixijs,888Rain888
pixijs/pixijs,Migz2010
pixijs/pixijs,vinod1150
pixijs/pixijs,just1680
pixijs/pixijs,cjsohandsome
pixijs/pixijs,JakeTheSnake132
pixijs/pixijs,RolansK
pixijs/pixijs,pengiuntofly
pixijs/pixijs,nurmuhame07
pixijs/pixijs,vlad999rustay
pixijs/pixijs,vza36mr2
pixijs/pixijs,viktusya01
pixijs/pixijs,saravanangamer1702
pixijs/pixijs,xruzezy2352
pixijs/pixijs,vaselyna10086
pixijs/pixijs,vasljan
pixijs/pixijs,wecraven
pixijs/pixijs,uzvadeniis
pixijs/pixijs,vitaliymat-tdnio
pixijs/pixijs,tomkaulitz18
pixijs/pixijs,Byyyy124
pixijs/pixijs,trubinvlad
pixijs/pixijs,veronicastrzyzewska
pixijs/pixijs,vyachslavlavrov
pixijs/pixijs,aswecxz77
pixijs/pixijs,xabuxabdulleaa0
pixijs/pixijs,retoklipm
pixijs/pixijs,Quangvanvietdeverlope
pixijs/pixijs,Nacjoleon13
pixijs/pixijs,Mumuca121
pixijs/pixijs,Spekz369
pixijs/pixijs,fengmaoz
pixijs/pixijs,salawuyekini
pixijs/pixijs,riiillleees
pixijs/pixijs,scott7dalton
pixijs/pixijs,vebacupuhipywi
pixijs/pixijs,viravto
pixijs/pixijs,timka-sexyboy
pixijs/pixijs,Cip1977
pixijs/pixijs,rizve303
pixijs/pixijs,tknill
pixijs/pixijs,thongsa2518tip
pixiv/charcoal,osakbuen
plainheart/bing-translate-api,thanawatsky
pnpm/pnpm,vininha-carvalho
pnpm/pnpm,thickchkstat
pnpm/pnpm,tylaw245
pnpm/pnpm,yaya-anon
pnpm/pnpm,varonatak
pnpm/pnpm,twobookloverz
pnpm/pnpm,Vxx0310
pnpm/pnpm,qcs193
pnpm/pnpm,tj-231
pnpm/pnpm,vet1955
pnpm/pnpm,xbobby-2000
pnpm/pnpm,tfc2000
pnpm/pnpm,todzhiddin-muhtorovpo
pnpm/pnpm,tschelfhoutcom
pnpm/pnpm,Thalles718
pnpm/pnpm,LL-CQ
pnpm/pnpm,valentin-svyatoi
pnpm/pnpm,vitinasi-4
pnpm/pnpm,valeramedwedev
pnpm/pnpm,wailintanto
pnpm/pnpm,tjhealy2000lie
pnpm/pnpm,tsteenblikperp
pnpm/pnpm,tmeier19cio
pnpm/pnpm,vladislav-zosimenko
pnpm/pnpm,wertu1107mcal
pnpm/pnpm,nixjulia
pnpm/pnpm,trunkssj5x
pnpm/pnpm,terryclark93
pnpm/pnpm,thedisy
pouchdb/pouchdb,nobrakes18
projectstorm/react-diagrams,greatksi
projectstorm/react-diagrams,supzsp
rastikerdar/vazir-font,VPNhg
rastikerdar/vazir-font,Alaki85
react-dnd/react-dnd,1220560852
react-dnd/react-dnd,cleoedw
react-hook-form/react-hook-form-devtools,DevProdigyDavid
react-native-community/cli,adriennecashatt
react-native-community/cli,Rockeeeet
react-native-community/cli,ninasafa
react-native-community/cli,djkhgdfkjasgkjf
react-native-community/cli,aramhayward
react-page/react-page,UXplorererer
reduxjs/redux-devtools,LonewolfSC
remotion-dev/remotion,firecorner
resendlabs/react-email,Dubdeezy
resendlabs/react-email,emw50
resendlabs/react-email,Llamazaresrichard777
resendlabs/react-email,Jupotra
resendlabs/react-email,andreaskintaken
rollup/plugins,neclasyu
rollup/plugins,sfaiojrio1nasdf
salesforce/lwc,bobo61666
salesforce/lwc,himanshu-salesforce
sanity-io/sanity,booogh
sanity-io/sanity,fsdomoijsk
sanity-io/sanity,tokiyo00
sanity-io/sanity,AxeCuriosa
sanity-io/sanity,salhis
sanity-io/sanity,LauraSChristian
sanity-io/sanity,oidson
sanity-io/sanity,Whhite24
sanity-io/sanity,rubiiseb
sanity-io/sanity,assssfasfads
secretlint/secretlint,Likeadiamondsajmon
sindresorhus/gulp-changed,ahmadsalge
solana-labs/wallet-adapter,srabu123
solana-labs/wallet-adapter,Segni37
solana-labs/wallet-adapter,welsey00000
solana-labs/wallet-adapter,Trudi-Brunnhilda
solidjs/solid-start,Adonayaklilu
solidjs/solid-start,Abdulrehmaan3214
solidjs/solid-start,yvesstgithub
solidjs/solid-start,Nashrify
solidjs/solid-start,captaincookie01
splitbee/react-notion,burakegm
statsd/statsd,tejas-sequretek
statsd/statsd,sandyskang
statsd/statsd,FrusTee
statsd/statsd,qsumli1
statsd/statsd,jazzkeyboardist
storyblok/storyblok-react,Rocfi
storybookjs/storybook,mirariyoshina
storybookjs/storybook,waynesaxdoea
storybookjs/storybook,uljasja-kisja
storybookjs/storybook,veto45374087iz
storybookjs/storybook,udhdyvyb7
storybookjs/storybook,tifferz69692003nduc
storybookjs/storybook,KamoM952412
storybookjs/storybook,Wondrous-Studio
storybookjs/storybook,loppakyazop
storybookjs/storybook,monayvanessa2
storybookjs/storybook,namolakafhol
storybookjs/storybook,vitek757-161
storybookjs/storybook,addamissald
storybookjs/storybook,Guneycem1111
storybookjs/storybook,teartrax
storybookjs/storybook,1000whoami0001
storybookjs/storybook,josheyu99
storybookjs/storybook,adolakum
storybookjs/storybook,heupatrick
storybookjs/storybook,lasyfhou
storybookjs/storybook,vamshika05
storybookjs/storybook,valik-djachenko
storybookjs/storybook,secontin
storybookjs/storybook,sophiaboutique
storybookjs/storybook,Vil333
storybookjs/storybook,Onya2022
storybookjs/storybook,dsplugsyou
storybookjs/storybook,PhooPhoo2247
storybookjs/storybook,upgdijh
storybookjs/storybook,Kingself9
storybookjs/storybook,anniiiss
storybookjs/storybook,lakshsk101
storybookjs/storybook,MoustaphaGueyegithub
storybookjs/storybook,AfroAina
storybookjs/storybook,Bojkaa
storybookjs/storybook,keping7
storybookjs/storybook,turoturopoil
storybookjs/storybook,wnimanie2
storybookjs/storybook,tsprizzlong
storybookjs/storybook,vmolenjwwrit
storybookjs/storybook,Justone1234567
storybookjs/storybook,tj10101010
storybookjs/storybook,verochka120460
storybookjs/storybook,Hani963
storybookjs/storybook,oirlicle
storybookjs/storybook,wildy85
storybookjs/storybook,KathrynLoveless
storybookjs/storybook,2023003203
storybookjs/storybook,Zexxi120
storybookjs/storybook,m4om4o
storybookjs/storybook,BrandonOwensAugustus
storybookjs/storybook,breezyri
storybookjs/storybook,jorgejosesantana
storybookjs/storybook,lancelewis30
storybookjs/storybook,Oliver22310
storybookjs/storybook,Brittany5872
storybookjs/storybook,scevraini
storybookjs/storybook,huffmanking
storybookjs/storybook,Nelisykorova
storybookjs/storybook,Kithlyn25
storybookjs/storybook,Lus7F0rKn0wl3dge
storybookjs/storybook,MughiraMughal
storybookjs/storybook,JdmRzr
storybookjs/storybook,abhishekshukla2804
storybookjs/storybook,904K
storybookjs/storybook,Moulika005
storybookjs/storybook,Ashraf3020
storybookjs/storybook,El-bakkali-0
storybookjs/storybook,jazzkeyboardist
storybookjs/storybook,Monkeysoro
storybookjs/storybook,hottesnt
storybookjs/storybook,Vaibhavfarande
storybookjs/storybook,hackedpr
storybookjs/storybook,yanjizhao90
storybookjs/storybook,Masterofall420
storybookjs/storybook,nguoidamau
storybookjs/storybook,fullstackfrend
storybookjs/storybook,nonotimar
storybookjs/storybook,skyxx83
storybookjs/storybook,Sharmilakngaire66
storybookjs/storybook,Unwantedburden74
storybookjs/storybook,xdonz187
storybookjs/storybook,BedroomBored
storybookjs/storybook,imhusun
storybookjs/storybook,hanu727
storybookjs/storybook,arneae
storybookjs/storybook,jojnH2ney
storybookjs/storybook,Danil0021
storybookjs/storybook,Hackrapht
storybookjs/storybook,Asrijojoy
storybookjs/storybook,pepesaurio559
storybookjs/storybook,ismail-476245
storybookjs/storybook,PrinceGodwyll
storybookjs/storybook,YOOSEFE
storybookjs/storybook,TotalBegunner
storybookjs/storybook,friedaw4
storybookjs/storybook,viproww
storybookjs/storybook,Itsrayyn
storybookjs/storybook,zbbcop
storybookjs/storybook,Jholok-47
storybookjs/storybook,OlivierBeaudry
storybookjs/storybook,Mohen74
storybookjs/storybook,EngraciaRaquel01
storybookjs/storybook,ssr14
storybookjs/storybook,WNNew13
storybookjs/storybook,Morizq4
storybookjs/storybook,gnarcan
storybookjs/storybook,wesgakeroop
storybookjs/storybook,joanna-ha
storybookjs/storybook,Rajin007
storybookjs/storybook,LeoScognamillo
storybookjs/storybook,srlexicdev
storybookjs/storybook,Divine057
storybookjs/storybook,just-me-now
storybookjs/storybook,kalilinux3313
storybookjs/storybook,senasokmen16
storybookjs/storybook,eatonefish
storybookjs/storybook,fhuaz9
storybookjs/storybook,okak0
storybookjs/storybook,kanishkasharma19
storybookjs/storybook,yassiine23
storybookjs/storybook,kaush2833
storybookjs/storybook,Dororo001
storybookjs/storybook,elhan878
storybookjs/storybook,Shzbkhn
storybookjs/storybook,Chibike11
storybookjs/storybook,Obydullah444
storybookjs/storybook,bianzhexiu
storybookjs/storybook,gthujsss
subsquid/squid,GobDro911
subsquid/squid,SantosERROE
subsquid/squid,Ameet13
subsquid/squid,Paminakal
subsquid/squid,darmaaditya
subsquid/squid,KaterinaStKo
subsquid/squid,lexus191
subsquid/squid,velgelmterra2
subsquid/squid,yefer112
subsquid/squid,Afriendlysparkle
subsquid/squid,Belovbro7
subsquid/squid,joulegrama
subsquid/squid,Aysu10
subsquid/squid,smmsvs
subsquid/squid,dheyl04
sushiswap/sushiswap,Fu46f
sushiswap/sushiswap,lequangtuan443
swordev/suid,jadrvel
tamagui/tamagui,sage-tech-dave
tamagui/tamagui,Klyn2246
tamagui/tamagui,programming-with-ia
teambit/bit,o555k
teambit/bit,MarynaOphion
teambit/bit,commercenxt
thi-ng/umbrella,byteexplorer01
thirdweb-dev/contracts,halil1985
thirdweb-dev/contracts,Alucccard
thirdweb-dev/contracts,vizarh
thirdweb-dev/contracts,AnIdiotzqhhh
thirdweb-dev/contracts,supersy77
thirdweb-dev/contracts,bangoos1
thirdweb-dev/contracts,elizabeth141
tinacms/tinacms,shaftesqwenty9
tinacms/tinacms,Sky1Bantor
transloadit/uppy,tehftwnoob
transloadit/uppy,HOLA111111111138wjns
transloadit/uppy,BOBBYROSEPONCH3
transloadit/uppy,Vinoth7-2
transloadit/uppy,Eerrreen
transloadit/uppy,Martin7167
transloadit/uppy,K12345667
transloadit/uppy,itik2005
transloadit/uppy,manojvgikf
transloadit/uppy,worderen
transloadit/uppy,farhanlucknowi
transloadit/uppy,Nikraftaar11
transloadit/uppy,harsha2934
transloadit/uppy,thedon78
transloadit/uppy,JAPAAN
transloadit/uppy,vikazil
transloadit/uppy,adeebs3772w
transloadit/uppy,Ajahgajsgjsfjan
transloadit/uppy,Strangehuaman
transloadit/uppy,Julesgaga16
transloadit/uppy,bowanling
transloadit/uppy,t9161055
transloadit/uppy,technocorp2010
transloadit/uppy,venierisvasiliosten
transloadit/uppy,utonga01-a
transloadit/uppy,tomik-djwit
transloadit/uppy,telesahko
transloadit/uppy,Karanchavan121
transloadit/uppy,5zziontop
transloadit/uppy,Bmwkyc
transloadit/uppy,sezgin77
transloadit/uppy,Lilford2
transloadit/uppy,Suhailkassar00
transloadit/uppy,Teeliowais
transloadit/uppy,Askumar12
transloadit/uppy,chunheeyuyuuug
transloadit/uppy,vitaxastulov-86
transloadit/uppy,Ronypandi
transloadit/uppy,Abotaiim
transloadit/uppy,Slmashei
transloadit/uppy,Nisitakumar
transloadit/uppy,yogeshpatil2133
transloadit/uppy,sebariqn66
transloadit/uppy,Moroso123
transloadit/uppy,Suheelsuheal
transloadit/uppy,Momonia
transloadit/uppy,xvhgfjibfhk
transloadit/uppy,amatori2
transloadit/uppy,Rockyblacky1234
transloadit/uppy,Deepeshhrwt
transloadit/uppy,kvirajdayma
transloadit/uppy,fa0p
transloadit/uppy,sr78022
transloadit/uppy,Devilhacker1235
transloadit/uppy,Mhnazii
transloadit/uppy,Thalisonsilvaviana
transloadit/uppy,Surajnimgire
transloadit/uppy,Sudarat3103
transloadit/uppy,Hamza72427
transloadit/uppy,toutasaliha
transloadit/uppy,Siffour
transloadit/uppy,Urlocalweirdo121
trufflesuite/truffle,kingspink
trufflesuite/truffle,Tinamaam
trufflesuite/truffle,Chef-X
trufflesuite/truffle,CCSmanCrypto
trufflesuite/truffle,SteveNjine
trufflesuite/truffle,rusijackson6
trufflesuite/truffle,adventureseeker55
trufflesuite/truffle,sunnydaydreamer7
trufflesuite/truffle,belgraderichard47
trufflesuite/truffle,amosokok
twurple/twurple,Sataniclv
udecode/plate,nirmal-yeti
udecode/plate,wouterjanleys
vercel/nft,OEMXx
vercel/nft,RALIS34
vercel/nft,zahednft72
verdaccio/verdaccio,Matdenial1998
verdaccio/verdaccio,solano12charles
visgl/deck.gl,MapotecaVirtual
vuejs/vue-cli,yoda-ftw
vuejs/vue-cli,tbolaas
vuejs/vue-cli,vartanyanlusine
vuejs/vue-cli,vraniereyth
vuejs/vue-cli,twhitrag
vuejs/vue-cli,xakahius
vuejs/vue-cli,trefan2005cor
vuejs/vue-cli,u700075
vuejs/vue-cli,vaxa1996tack
vuejs/vue-cli,warfiber
vuejs/vue-cli,vlabyteninprin
vuejs/vue-cli,vadim-sigloh
vuejs/vue-cli,vasilkokatyaop
vuejs/vue-cli,uriiknazev
vuejs/vue-cli,un77starbuy
vuejs/vue-cli,teflon-taylor
vuejs/vue-cli,urba-vlad
vuejs/vue-cli,werewolffsciu
vuejs/vue-cli,tgarcia-20
vuejs/vue-cli,wooti163bril
vuejs/vue-cli,txrings
vuejs/vue-cli,tmedwim
vuejs/vue-cli,vivti5gul
vuejs/vue-cli,telnov-telnov
vuejs/vue-cli,tungus-49dei
vuejs/vue-cli,vyta-utaspres
vuejs/vue-cli,temujin555
vuejs/vue-cli,NestorSalinas
vuejs/vue-cli,telix40
vuejs/vue-cli,smetanax
vuepress-theme-hope/vuepress-theme-hope,zuckos
vuepress-theme-hope/vuepress-theme-hope,Crater001
vuepress/vuepress-next,NESQUIIXX
walletconnect/walletconnect-monorepo,Hrelea
walletconnect/walletconnect-monorepo,hhhh0789
walletconnect/walletconnect-monorepo,Lutzzz18
walletconnect/walletconnect-monorepo,Hudjames
wangeditor-team/wangEditor,tongWanz
wangeditor-team/wangEditor,wanqinsu
wangeditor-team/wangEditor,Fa1thu9
wangeditor-team/wangEditor,qaq77qaq
wangeditor-team/wangEditor,xiaoshengw
web-infra-dev/modern.js,johanab088
web-infra-dev/rspack,SadamSamudra
web-infra-dev/rspack,M223A
web-infra-dev/rspack,KoMin007
web-infra-dev/rspack,SicklesHit
webdriverio/webdriverio,tejdefra1
webdriverio/webdriverio,muyuku55
webdriverio/webdriverio,Notaqex
webdriverio/webdriverio,onorem
webdriverio/webdriverio,defidiver
webdriverio/webdriverio,VulpesLagapus
webdriverio/webdriverio,Guneycem1111
webdriverio/webdriverio,jhonnyxz
webhintio/hint,babijj
webhintio/hint,GradANDD
webhintio/hint,CodeFairy215
webiny/webiny-js,gargantuantech
webiny/webiny-js,paridhip2
webiny/webiny-js,Unkownboy
webiny/webiny-js,Chetanharod31
webiny/webiny-js,patelkeshav2910
webiny/webiny-js,Utkarsgupta
webiny/webiny-js,Anshulpanwar2003
webiny/webiny-js,Sarodepratik
webiny/webiny-js,Sarath-Kumar012
webiny/webiny-js,varshakashyap18
webiny/webiny-js,sakshidewliya
webiny/webiny-js,vaishnavisoni72
webiny/webiny-js,chanchalpanwar1
webiny/webiny-js,Sooyash
webiny/webiny-js,kamaljeet1404
webiny/webiny-js,Priyanshik2
webiny/webiny-js,swatikhare0503
webiny/webiny-js,AdarshSingh10z
webiny/webiny-js,NarayanGurjar
webiny/webiny-js,fossbuddy
webiny/webiny-js,0832CS211195
webiny/webiny-js,BigVijay
webiny/webiny-js,Rahulpanchall
