p,P
mydexchain_mydexchain,hdarc_mydexchain
derrokip34_Moringa-tribune,derrokip34_Moringa-tribune
FalconHD_NotFairGame,FalconHD_NotFairGame
abliskan_Datacamp-data-engineer-track,abliskan_Datacamp-data-engineer-track
matheussilvacydevs_matheussilvacydevs,matheussilvacydevs_matheussilvacydevs
whitseyfashion_hydrog,whitseyfashion_hydrog
asypost_vimrc,asypost_vimrc
srcardosi_ftc_app,material-components_material-components-web
Ahmed-plusplus_Good_Point,Ahmed-plusplus_Good_Point
yodzafar_shop,yodzafar_shop
kushal00011_megabox,ALIILAPRO_megabox
tusharkhan_careerlinetemplete,tusharkhan_careerlinetemplete
simranchawla124_repo,simranchawla124_repo
edekhudoley_hello-world,edekhudoley_hello-world
percubaan_cuba,percubaan_cuba
SamukaSRB_AspNetCore-5-Mvc,SamukaSRB_AspNetCore-5-Mvc
solodroidx_ad-networks-sdk,solodroidx_ad-networks-sdk
drgon1935_2000,drgon1935_2000
azyabon_kozhindev-test-exchanges,azyabon_kozhindev-test-exchanges
sercankuyucuklu_srcaNNNN,sercankuyucuklu_srcaNNNN
hmuzzal_PracticeSignalR,hmuzzal_PracticeSignalR
iHammad80_Digit-recognizer,iHammad80_Digit-recognizer
akshatjain99_mockup2,akshatjain99_mockup2
kikiisa_apk-pakar,kikiisa_apk-pakar
FalconHD_InventoryApp,FalconHD_InventoryApp
Ganaaz77_gantulga-Zoe,Ganaaz77_gantulga-Zoe
yyaayyaatt_Shinobi-Spring-Boot,nies99_shinobi-spring-boot
calfizzi_Arduino,calfizzi_Arduino
YusupovSamandar_Simon-game,YusupovSamandar_Simon-game
arbaz0320_quickblox-javascript-sdk,QuickBlox_quickblox-javascript-sdk
Alfrin-Vickson_Fenestra,Alfrin-Vickson_Fenestra
AstonMathew_TrampoDevelopementapp,AstonMathew_TrampoDevelopementapp
shixiaocaia_Hugo-luna-mod,shixiaocaia_Hugo-luna-mod
backlion_hack-for-tools,atooy_hack-for-tools
TheONLYGod1_index,TheONLYGod1_index
shadrackkip_Biometric_system,rshanx_Biometric_system
cryingmiso_linerider-python,cryingmiso_linerider-python
francisdurante_video-effects,francisdurante_video-effects
AhmadSheblak_FlutterAhmad,AhmadSheblak_FlutterAhmad
FalconHD_InventoryStore,FalconHD_InventoryStore
FalconHD_Falc0n,FalconHD_Falc0n
deepakkumar2205_Day-1,deepakkumar2205_Day-1
GustavoAntonio12_Game---ArqComp,GustavoAntonio12_Game---ArqComp
zxs0827_zxs0827.github.io,zxs0827_zxs0827.github.io
ulnk_scam,ulnk_scam
Pooya20_Pooya20,Pooya20_Pooya20
Button-20_Button-20,Button-20_Button-20
yinxuea_McWebAdmin,yinxuea_McWebAdmin
HamduSalih_napari,HamduSalih_napari
RodrigueIragi_model-repo,RodrigueIragi_model-repo
baifan233_RHouse,baifan233_RHouse
vanderPato_Meus-Apps-Android,vanderPato_Meus-Apps-Android
kokonguyen191_hadoop,apache_hadoop
Maphorbs_lixir-homepage,Maphorbs_lixir-homepage
KYU-Sasaki_FichaRPG,KYU-Sasaki_FichaRPG
johnkravitznext_vue-logros,johnkravitznext_vue-logros
AmerSar21_CSMS,AmerSar21_CSMS
Valdemar-Neto_Snake-game,Valdemar-Neto_Snake-game
AmerSar21_Banking-System,AmerSar21_Banking-System
skaydacaifer_skayz,skaydacaifer_skayz
houssemeddinegabsi_NEXUS,houssemeddinegabsi_NEXUS
andeug_code-examples,thombergs_code-examples
KrzysztofPiol_KrzysztofPiolunkowski,KrzysztofPiol_KrzysztofPiolunkowski
vitorbelo_Curriculo,vitorbelo_Curriculo
luanjs_vue-pokedex,luanjs_vue-pokedex
DaiyaanMuhammad_Code,DaiyaanMuhammad_Code
FalconHD_Vue_First_App,FalconHD_Vue_First_App
BertasCZ_fuzzy-happiness,BertasCZ_fuzzy-happiness
kawsar-ULLAH_testGit,kawsar-ULLAH_testGit
AshishKamaldhari_AshishKamaldhari,AshishKamaldhari_AshishKamaldhari
FalconHD_Data-structer-with-C-,FalconHD_Data-structer-with-C-
webtr333_Nitro-Generator-AND-Checker,webtr333_Nitro-Generator-AND-Checker
AmerSar21_HRI-SYS,AmerSar21_HRI-SYS
AsifAzzam_Estore,AsifAzzam_Estore
atosinu_next-polkadot-typescript,atosinu_next-polkadot-typescript
hilubabz_Project,hilubabz_Project
Pozoal_Taxpayers_portal,Pozoal_Taxpayers_portal
heycharm_NotesApp,heycharm_NotesApp
Atul0002_project2,Atul0002_project2
FalconHD_Flights_booking_MVC,FalconHD_Flights_booking_MVC
jeanalves28_Portfolio_Trybe,jeanalves28_Portfolio_Trybe
coldev_ColdevProLayer,grukz_coldevprolayer
ZirconXD_ZirconX,ZirconXD_ZirconX
mateusloubach_vanillatilt,mateusloubach_vanillatilt
FalconHD_InventoryBackend,FalconHD_InventoryBackend
FalconHD_shapes_drawing,FalconHD_shapes_drawing
dsnbey_MVVM-Layered-Architecture-Example,dsnbey_MVVM-Layered-Architecture-Example
